,Classifier,F Beta Score,Hamming Loss,Jaccard Score,Cross Entropy Loss,Zero One Loss,Precision,Recall,Accuracy,F Measure
0,K Nearest Neighbors,0.5356125356125356,0.4666666666666667,0.36363636363636365,16.118308876939704,0.4666666666666667,0.5,0.5714285714285714,0.5333333333333333,0.5333333333333333
1,Linear Support Vector,0.4017094017094017,0.6,0.25,20.723532369423143,0.6,0.375,0.42857142857142855,0.4,0.39999999999999997
2,Gaussian Process,0.3137254901960784,0.4666666666666667,0.0,16.11809565095832,0.4666666666666667,0.0,0.0,0.5333333333333333,0.0
3,Decision Tree,0.6695156695156695,0.3333333333333333,0.5,11.513085384456266,0.33333333333333337,0.625,0.7142857142857143,0.6666666666666666,0.6666666666666666
4,Random Forest,0.5356125356125356,0.4666666666666667,0.36363636363636365,16.118308876939704,0.4666666666666667,0.5,0.5714285714285714,0.5333333333333333,0.5333333333333333
5,Multi-Layer Perceptron,0.32945736434108525,0.6666666666666666,0.23076923076923078,23.026170768912532,0.6666666666666667,0.3333333333333333,0.42857142857142855,0.3333333333333333,0.375
6,Ada Boost,0.5356125356125356,0.4666666666666667,0.36363636363636365,16.118308876939704,0.4666666666666667,0.5,0.5714285714285714,0.5333333333333333,0.5333333333333333
7,Gaussian Naive Bayes,0.6101694915254238,0.4,0.5384615384615384,13.81583039693635,0.4,0.5384615384615384,1.0,0.6,0.7000000000000001
8,Linear Discriminant Analysis,0.39296187683284456,0.6,0.18181818181818182,20.723479062927797,0.6,0.3333333333333333,0.2857142857142857,0.4,0.30769230769230765
