,Classifier,F Beta Score,Hamming Loss,Jaccard Score,Cross Entropy Loss,Zero One Loss,Precision,Recall,Accuracy,F Measure
0,K Nearest Neighbors,0.2,0.8,0.07692307692307693,27.631340954900626,0.8,0.14285714285714285,0.14285714285714285,0.2,0.14285714285714285
1,Linear Support Vector,0.1339031339031339,0.8666666666666667,0.07142857142857142,29.933979354390015,0.8666666666666667,0.125,0.14285714285714285,0.13333333333333333,0.13333333333333333
2,Gaussian Process,0.6046511627906975,0.4,0.45454545454545453,13.815723783945657,0.4,0.5555555555555556,0.7142857142857143,0.6,0.6250000000000001
3,Decision Tree,0.3333333333333333,0.6666666666666666,0.16666666666666666,23.026117462417186,0.6666666666666667,0.2857142857142857,0.2857142857142857,0.3333333333333333,0.2857142857142857
4,Random Forest,0.5288367546432062,0.4666666666666667,0.3,16.118255570444358,0.4666666666666667,0.5,0.42857142857142855,0.5333333333333333,0.4615384615384615
5,Multi-Layer Perceptron,0.2,0.8,0.07692307692307693,27.631340954900626,0.8,0.14285714285714285,0.14285714285714285,0.2,0.14285714285714285
6,Ada Boost,0.5339412360688957,0.4666666666666667,0.4166666666666667,16.11836218343505,0.4666666666666667,0.5,0.7142857142857143,0.5333333333333333,0.588235294117647
7,Gaussian Naive Bayes,0.6101694915254238,0.4,0.5384615384615384,13.81583039693635,0.4,0.5384615384615384,1.0,0.6,0.7000000000000001
8,Linear Discriminant Analysis,0.6647116324535679,0.3333333333333333,0.4444444444444444,11.51303207796092,0.33333333333333337,0.6666666666666666,0.5714285714285714,0.6666666666666666,0.6153846153846153
