,PC1,PC2,PC3
Proportion of Variance,0.13153717596859402,0.11833991276428041,0.08054337013176582
Cumulative Proportion,13.200000000000001,25.0,33.1
