,PC1,PC2,PC3
Proportion of Variance,0.1315371759679483,0.11833991276474409,0.08054337000656665
Cumulative Proportion,13.200000000000001,25.0,33.1
