,PC1,PC1,PC2,PC2,PC3,PC3,PC4,PC4
,Features,Correlation,Features,Correlation,Features,Correlation,Features,Correlation
0,Avg. Word Dur.,0.2657760194339427,hnrglobalRange,0.2549469748077538,Avg. Voca. Dur.,0.3196015873576628,fricatives_CoG,-0.21570088475181093
1,stressedVowels_F0,0.3258625638206139,sonorants_F1,-0.26636327795448056,SyllPerSecond,-0.342064870906221,sonorants_F1,0.2174924542168358
2,sonorants_F0,0.3087213477508141,hnrglobalMean,0.34718975016097053,stops_duration,0.3601014090613673,unstressedVowels_F1,0.22174115081339932
3,f0globalMean,0.37416181887841615,hnrglobalSD,0.3474110177584301,Avg. Word Dur.,0.4384806887104839,fricatives_Ske,0.3927028326083393
4,f0globalSD,0.32694307245412246,sonorants_F2,-0.28996617485036646,Avg. Cons. Dur.,0.3694502568992202,fricatives_Kur,0.6265682506019384
