duration,f0globalMean,f0globalSD,avgPauseLength,sound2silenceRatio,totalPauses
2.168375,74.62924372727274,47.086390477572685,435.2941176470588,11.08108108108108,17
