duration,hnr,f0globalMean,f0globalSD,avgPauseLength,sound2silenceRatio,totalPauses
1.62,-19.784188857117943,106.48052671851855,49.33637709812786,650.0,24.923076923076923,4
