duration,f0globalMean,f0globalSD,avgPauseLength,sound2silenceRatio,totalPauses
1.746625,66.68445128865979,52.5045180187176,650.0,26.846153846153847,4
