duration,f0globalMean,f0globalSD,avgPauseLength,sound2silenceRatio,totalPauses
1.86325,109.97168307936508,66.97745895911734,1200.0,31.166666666666668,2
