duration,hnr,f0globalMean,f0globalSD,avgPauseLength,sound2silenceRatio,totalPauses
1.7886875,-108.51407133364576,82.96885896341459,64.64916431086465,666.6666666666666,17.55,6
