duration,hnr,f0globalMean,f0globalSD,avgPauseLength,sound2silenceRatio,totalPauses
1.938125,-40.419187896922104,101.62323792086335,57.78993318401854,1300.0,29.846153846153847,2
