duration,hnr,f0globalMean,f0globalSD,avgPauseLength,sound2silenceRatio,totalPauses
2.162375,-46.2360482013442,146.79623446153843,77.13984135039216,533.3333333333333,26.8125,6
