duration,hnr,f0globalMean,f0globalSD,avgPauseLength,sound2silenceRatio,totalPauses
1.5645,-27.879518450222722,87.38243763076926,38.93387400305164,1300.0,24.076923076923077,2
