duration,hnr,f0globalMean,f0globalSD,avgPauseLength,sound2silenceRatio,totalPauses
2.3011875,-69.90690879721555,78.82524783536583,48.620904312347456,453.3333333333333,12.911764705882353,15
