duration,hnr,f0globalMean,f0globalSD,avgPauseLength,sound2silenceRatio,totalPauses
1.58,-28.171728738065667,111.04029862698411,59.93832680091656,950.0,16.31578947368421,4
