duration,hnr,f0globalMean,f0globalSD,avgPauseLength,sound2silenceRatio,totalPauses
1.6155,-45.63852191058147,75.03093171666669,42.19274505257634,550.0,29.545454545454547,4
