duration,hnr,f0globalMean,f0globalSD,avgPauseLength,sound2silenceRatio,totalPauses
2.0203125,-60.62225058005983,109.88621559281442,50.34858498930733,480.0,33.75,5
