duration,f0globalMean,f0globalSD,avgPauseLength,sound2silenceRatio,totalPauses
1.8221875,57.86436459310342,29.75819746341852,516.6666666666666,11.161290322580646,12
