duration,hnr,f0globalMean,f0globalSD,avgPauseLength,sound2silenceRatio,totalPauses
1.8441875,-46.005887313224044,120.77364311678838,66.07040385398419,600.0,17.19047619047619,7
