duration,hnr,f0globalMean,f0globalSD,avgPauseLength,sound2silenceRatio,totalPauses
1.5580625,-14.76126764757538,94.06651866972476,52.297953734051866,600.0,26.083333333333332,4
