duration,hnr,f0globalMean,f0globalSD,avgPauseLength,sound2silenceRatio,totalPauses
2.025625,-16.23304238078199,58.6322763081081,30.93222018530021,950.0,21.0,4
