duration,f0globalMean,f0globalSD,avgPauseLength,sound2silenceRatio,totalPauses
2.1513125,66.17188402112674,41.06570995567733,650.0,33.07692307692308,4
