duration,hnr,f0globalMean,f0globalSD,avgPauseLength,sound2silenceRatio,totalPauses
1.56375,-34.70476691850827,79.56383133333333,58.43034327621181,750.0,20.733333333333334,4
