duration,hnr,f0globalMean,f0globalSD,avgPauseLength,sound2silenceRatio,totalPauses
1.56375,-34.70466583794748,85.86920722784802,66.258733702564,750.0,20.733333333333334,4
