duration,hnr,f0globalMean,f0globalSD,avgPauseLength,sound2silenceRatio,totalPauses
2.033625,-46.321925604321585,91.24551592258068,46.1782455619151,866.6666666666666,15.153846153846153,6
