duration,hnr,f0globalMean,f0globalSD,avgPauseLength,sound2silenceRatio,totalPauses
2.033625,-46.322029772420194,88.93732668749999,46.22849197434557,771.4285714285714,14.555555555555555,7
