duration,hnr,f0globalMean,f0globalSD,avgPauseLength,sound2silenceRatio,totalPauses
1.87825,-60.345328975560115,84.37731187837828,42.682006280034784,733.3333333333333,7.840909090909091,12
