duration,hnr,f0globalMean,f0globalSD,avgPauseLength,sound2silenceRatio,totalPauses
1.49425,4.789142450350554,117.83363287500008,24.845542004886102,1000.0,19.8,3
