duration,hnr,f0globalMean,f0globalSD,avgPauseLength,sound2silenceRatio,totalPauses
1.9578125,-41.14320307599275,81.82133620261436,44.441761203101215,600.0,14.0,9
