duration,hnr,f0globalMean,f0globalSD,avgPauseLength,sound2silenceRatio,totalPauses
1.957625,-18.95079478100362,79.67288602083335,47.11889614402232,800.0,32.75,3
