duration,hnr,f0globalMean,f0globalSD,avgPauseLength,sound2silenceRatio,totalPauses
1.5778125,-47.72597939789241,98.68817346551728,54.15152798179771,640.0,19.5625,5
