duration,hnr,f0globalMean,f0globalSD,avgPauseLength,sound2silenceRatio,totalPauses
2.6249375,-45.72581287933216,252.0063827200002,157.70881571259594,600.0,34.86666666666667,5
