duration,hnr,f0globalMean,f0globalSD,avgPauseLength,sound2silenceRatio,totalPauses
2.653625,-42.07991231946847,332.04358793902475,214.3265594339606,1100.0,48.45454545454545,2
