duration,hnr,f0globalMean,f0globalSD,avgPauseLength,sound2silenceRatio,totalPauses
1.3994375,-46.79044317140011,229.5534894040405,129.6723136794617,866.6666666666666,21.53846153846154,3
