duration,hnr,f0globalMean,f0globalSD,avgPauseLength,sound2silenceRatio,totalPauses
1.25,-49.09312012571135,267.6595401111112,180.0226266828959,1200.0,13.61111111111111,3
