duration,f0globalMean,f0globalSD,avgPauseLength,sound2silenceRatio,totalPauses
1.3706875,243.67312519801985,133.66811401385013,900.0,30.88888888888889,2
