duration,hnr,f0globalMean,f0globalSD,avgPauseLength,sound2silenceRatio,totalPauses
2.878875,-64.38551721717496,230.40611118285716,146.88862167801125,1100.0,52.54545454545455,2
