duration,hnr,f0globalMean,f0globalSD,avgPauseLength,sound2silenceRatio,totalPauses
2.2185,-54.00748985993953,231.99892873333337,164.01100825593576,525.0,20.761904761904763,8
