duration,f0globalMean,f0globalSD,avgPauseLength,sound2silenceRatio,totalPauses
1.7951875,222.82539994262288,130.26010203941928,933.3333333333334,25.571428571428573,3
