duration,hnr,f0globalMean,f0globalSD,avgPauseLength,sound2silenceRatio,totalPauses
2.5425625,-47.543399527102046,192.90920792307708,114.67461150830141,919.9999999999999,21.695652173913043,5
