duration,hnr,f0globalMean,f0globalSD,avgPauseLength,sound2silenceRatio,totalPauses
1.556125,-46.44543655377745,234.4606879484537,144.9649304724828,866.6666666666666,23.923076923076923,3
