duration,hnr,f0globalMean,f0globalSD,avgPauseLength,sound2silenceRatio,totalPauses
1.8815,-76.62934198959401,212.82851890526314,149.78428686550134,700.0,12.892857142857142,8
