duration,f0globalMean,f0globalSD,avgPauseLength,sound2silenceRatio,totalPauses
2.2956875,190.8882965783783,91.5816226247406,950.0,23.842105263157894,4
