duration,hnr,f0globalMean,f0globalSD,avgPauseLength,sound2silenceRatio,totalPauses
1.7138125,-168.6797902833577,178.4313735,167.7702800986832,657.1428571428571,14.478260869565217,7
