duration,hnr,f0globalMean,f0globalSD,avgPauseLength,sound2silenceRatio,totalPauses
1.7138125,-168.6797902833577,164.34394529411767,156.36455457498747,657.1428571428571,14.478260869565217,7
