duration,hnr,f0globalMean,f0globalSD,avgPauseLength,sound2silenceRatio,totalPauses
1.4825625,-33.274583266425275,236.9509493168317,141.17123356498612,750.0,19.666666666666668,4
