duration,hnr,f0globalMean,f0globalSD,avgPauseLength,sound2silenceRatio,totalPauses
1.4825625,-33.27455874439531,225.65443666666664,147.68450820421668,750.0,19.666666666666668,4
