duration,hnr,f0globalMean,f0globalSD,avgPauseLength,sound2silenceRatio,totalPauses
2.2738125,-32.20885719258071,192.45397818877532,88.60514964304407,850.0,26.529411764705884,4
