duration,hnr,f0globalMean,f0globalSD,avgPauseLength,sound2silenceRatio,totalPauses
2.246625,-31.48889122303092,267.5141600118343,140.05327039652687,733.3333333333333,41.0,3
