duration,hnr,f0globalMean,f0globalSD,avgPauseLength,sound2silenceRatio,totalPauses
1.345625,-24.401808978466732,246.87363805319163,140.77591775145052,1200.0,22.5,2
