duration,hnr,f0globalMean,f0globalSD,avgPauseLength,sound2silenceRatio,totalPauses
1.36675,-23.615234587904727,194.4738625483869,110.67994394148445,1000.0,27.6,2
