duration,hnr,f0globalMean,f0globalSD,avgPauseLength,sound2silenceRatio,totalPauses
1.5305625,-86.89144211444763,163.3672610224719,112.52641138467568,1100.0,28.0,2
