duration,hnr,f0globalMean,f0globalSD,avgPauseLength,sound2silenceRatio,totalPauses
2.358625,-34.09435782260584,308.8315137659574,203.05012304201486,366.66666666666663,43.09090909090909,6
