duration,f0globalMean,f0globalSD,avgPauseLength,sound2silenceRatio,totalPauses
1.3601875,228.2947391414141,131.03502617729222,533.3333333333333,34.625,3
