duration,hnr,f0globalMean,f0globalSD,avgPauseLength,sound2silenceRatio,totalPauses
1.3601875,-27.937075154659553,228.2947391414141,131.03502617729222,533.3333333333333,34.625,3
