duration,hnr,f0globalMean,f0globalSD,avgPauseLength,sound2silenceRatio,totalPauses
2.2370625,-47.35453538871709,208.1796444431139,111.8858139276137,866.6666666666666,34.38461538461539,3
