duration,hnr,f0globalMean,f0globalSD,avgPauseLength,sound2silenceRatio,totalPauses
2.660625,-39.92207711938476,172.55755088461552,104.49019331283635,800.0,33.0625,4
