duration,hnr,f0globalMean,f0globalSD,avgPauseLength,sound2silenceRatio,totalPauses
2.1475625,-101.54823611171149,188.21635806172844,153.41768885918475,500.0,28.533333333333335,6
