duration,hnr,f0globalMean,f0globalSD,avgPauseLength,sound2silenceRatio,totalPauses
1.8099375,-61.173364572261285,162.49656466666673,109.82887985365505,800.0,22.4375,4
