duration,hnr,f0globalMean,f0globalSD,avgPauseLength,sound2silenceRatio,totalPauses
1.6571875,-85.99996008115485,179.40391979012344,128.18076660592953,800.0,20.5,4
