duration,hnr,f0globalMean,f0globalSD,avgPauseLength,sound2silenceRatio,totalPauses
1.7255,-73.92899551022526,138.99442758904104,88.49932098875395,600.0,22.866666666666667,5
