duration,f0globalMean,f0globalSD,avgPauseLength,sound2silenceRatio,totalPauses
1.6685625,182.41689810909077,146.6580628443002,566.6666666666666,19.41176470588235,6
