duration,hnr,f0globalMean,f0globalSD,avgPauseLength,sound2silenceRatio,totalPauses
2.06275,-54.012480272216486,199.40080808088254,141.1995266845201,866.6666666666666,31.76923076923077,3
