duration,hnr,f0globalMean,f0globalSD,avgPauseLength,sound2silenceRatio,totalPauses
1.06125,-44.514250064243974,100.1215766851852,96.94581423107238,1200.0,17.75,2
