duration,hnr,f0globalMean,f0globalSD,avgPauseLength,sound2silenceRatio,totalPauses
1.0516875,-26.998421167085308,136.00587712500004,80.07625093184022,600.0,23.77777777777778,3
