duration,f0globalMean,f0globalSD,avgPauseLength,sound2silenceRatio,totalPauses
1.49975,139.22686500000003,110.31618155116304,1066.6666666666665,18.5625,3
