duration,hnr,f0globalMean,f0globalSD,avgPauseLength,sound2silenceRatio,totalPauses
1.49975,-65.19074794891175,151.98902746153846,111.03693228409134,1066.6666666666665,18.5625,3
