duration,hnr,f0globalMean,f0globalSD,avgPauseLength,sound2silenceRatio,totalPauses
2.141,-79.73509159812885,218.06222014743602,126.70015331100832,866.6666666666666,32.92307692307692,3
