duration,hnr,f0globalMean,f0globalSD,avgPauseLength,sound2silenceRatio,totalPauses
2.2395625,-69.68584501261141,153.08370460759497,108.4923209639061,500.0,22.05,8
