duration,f0globalMean,f0globalSD,avgPauseLength,sound2silenceRatio,totalPauses
2.93225,136.50629743396235,90.82633294787816,800.0,48.916666666666664,3
