duration,hnr,f0globalMean,f0globalSD,avgPauseLength,sound2silenceRatio,totalPauses
2.108375,-33.19702670584745,207.42752769600014,149.89246392592895,1000.0,42.5,2
