duration,hnr,f0globalMean,f0globalSD,avgPauseLength,sound2silenceRatio,totalPauses
2.108375,-33.19702475290417,210.22054424999996,160.22203401562885,1000.0,42.5,2
