duration,hnr,f0globalMean,f0globalSD,avgPauseLength,sound2silenceRatio,totalPauses
2.1744375,-38.08452253251532,187.7061190451611,115.41344829609287,1300.0,33.46153846153846,2
