duration,hnr,f0globalMean,f0globalSD,avgPauseLength,sound2silenceRatio,totalPauses
2.042375,-55.92379532107825,247.76626263309342,154.6548806505797,1200.0,34.083333333333336,2
