duration,hnr,f0globalMean,f0globalSD,avgPauseLength,sound2silenceRatio,totalPauses
1.9651875,-31.294960475960554,285.48251571323516,166.02868360868172,800.0,49.75,2
