duration,hnr,f0globalMean,f0globalSD,avgPauseLength,sound2silenceRatio,totalPauses
1.9363125,-40.25339626005594,132.5191334333333,100.55078835493958,560.0,27.571428571428573,5
