duration,f0globalMean,f0globalSD,avgPauseLength,sound2silenceRatio,totalPauses
1.29175,176.64003665384624,138.34491145335224,600.0,29.11111111111111,3
