duration,hnr,f0globalMean,f0globalSD,avgPauseLength,sound2silenceRatio,totalPauses
1.29175,-73.06522759111068,176.64003665384624,138.34491145335224,600.0,29.11111111111111,3
