duration,f0globalMean,f0globalSD,avgPauseLength,sound2silenceRatio,totalPauses
1.1641875,234.3871484761904,160.16032033962898,700.0,16.571428571428573,4
