duration,f0globalMean,f0globalSD,avgPauseLength,sound2silenceRatio,totalPauses
1.7319375,224.71338205645168,139.11135861880072,560.0,24.642857142857142,5
