duration,hnr,f0globalMean,f0globalSD,avgPauseLength,sound2silenceRatio,totalPauses
1.4053125,-39.13565324144208,207.15324003370787,126.28097361073769,600.0,23.5,4
