duration,hnr,f0globalMean,f0globalSD,avgPauseLength,sound2silenceRatio,totalPauses
1.8770625,-72.12637126618849,181.85859005263174,117.11170781986452,400.0,18.4,10
