duration,hnr,f0globalMean,f0globalSD,avgPauseLength,sound2silenceRatio,totalPauses
1.81775,-72.7213426146851,208.0335018173077,143.16377328365203,800.0,30.416666666666668,3
