duration,hnr,f0globalMean,f0globalSD,avgPauseLength,sound2silenceRatio,totalPauses
1.6890625,-74.86747001762282,204.26742054929582,156.71076302194888,450.0,38.0,4
