duration,hnr,f0globalMean,f0globalSD,avgPauseLength,sound2silenceRatio,totalPauses
1.103125,-36.76894511438857,102.53207839506177,77.36303494457549,1100.0,20.272727272727273,2
