duration,hnr,f0globalMean,f0globalSD,avgPauseLength,sound2silenceRatio,totalPauses
1.2938125,-8.238041047280989,250.1022920917432,98.61067114982338,1300.0,19.923076923076923,2
