duration,f0globalMean,f0globalSD,avgPauseLength,sound2silenceRatio,totalPauses
2.029625,253.20632400000005,194.25362568437,550.0,18.045454545454547,8
