duration,f0globalMean,f0globalSD,avgPauseLength,sound2silenceRatio,totalPauses
1.342375,133.7114747375,94.56057788805735,628.5714285714286,11.772727272727273,7
