duration,hnr,f0globalMean,f0globalSD,avgPauseLength,sound2silenceRatio,totalPauses
2.42425,-54.18217483273299,156.946132757764,100.99125906130374,571.4285714285714,23.9,7
