duration,hnr,f0globalMean,f0globalSD,avgPauseLength,sound2silenceRatio,totalPauses
1.60725,-68.35558814182902,154.18561944444434,113.9714124812679,733.3333333333333,9.121212121212121,9
