duration,hnr,f0globalMean,f0globalSD,avgPauseLength,sound2silenceRatio,totalPauses
2.394,-56.58055567229503,168.50019655952377,96.70925838641426,600.0,22.428571428571427,7
