duration,hnr,f0globalMean,f0globalSD,avgPauseLength,sound2silenceRatio,totalPauses
1.96375,-59.763122436843005,255.73440507692305,167.9078949215179,600.0,44.111111111111114,3
