duration,hnr,f0globalMean,f0globalSD,avgPauseLength,sound2silenceRatio,totalPauses
1.4164375,-45.56458903972605,184.70606655555557,114.98669301076217,566.6666666666666,16.41176470588235,6
