duration,hnr,f0globalMean,f0globalSD,avgPauseLength,sound2silenceRatio,totalPauses
1.4164375,-45.56459786551348,183.85187898039212,100.9888567428777,566.6666666666666,16.41176470588235,6
