duration,hnr,f0globalMean,f0globalSD,avgPauseLength,sound2silenceRatio,totalPauses
1.2173125,-17.912853970585783,210.10677440196073,81.57668633161354,1200.0,20.333333333333332,2
