duration,f0globalMean,f0globalSD,avgPauseLength,sound2silenceRatio,totalPauses
1.2173125,210.10677440196073,81.57668633161354,1200.0,20.333333333333332,2
