duration,hnr,f0globalMean,f0globalSD,avgPauseLength,sound2silenceRatio,totalPauses
1.7649375,-65.54606145555172,124.75383093388439,84.62440307180327,866.6666666666666,27.153846153846153,3
