duration,hnr,f0globalMean,f0globalSD,avgPauseLength,sound2silenceRatio,totalPauses
2.150875,-47.2857843543438,189.13586725433532,115.69467492743034,520.0,33.07692307692308,5
