duration,hnr,f0globalMean,f0globalSD,avgPauseLength,sound2silenceRatio,totalPauses
2.0159375,-47.182941013764854,240.9477014242425,146.43500541395665,1200.0,33.666666666666664,2
