duration,hnr,f0globalMean,f0globalSD,avgPauseLength,sound2silenceRatio,totalPauses
2.1873125,-55.1517049175895,186.12634060256397,105.504603862206,1200.0,36.5,2
