duration,f0globalMean,f0globalSD,avgPauseLength,sound2silenceRatio,totalPauses
1.91325,197.61510303333336,131.7112378851558,1520.0,9.421052631578947,5
