duration,hnr,f0globalMean,f0globalSD,avgPauseLength,sound2silenceRatio,totalPauses
1.0205,-55.46271211930693,184.98645368253963,114.97720932529269,750.0,13.466666666666667,4
