duration,hnr,f0globalMean,f0globalSD,avgPauseLength,sound2silenceRatio,totalPauses
1.3451875,-27.201778911071926,174.05050874999984,84.00027610707326,850.0,15.588235294117647,4
