duration,hnr,f0globalMean,f0globalSD,avgPauseLength,sound2silenceRatio,totalPauses
1.5073125,-69.28286517892931,165.34614453684202,102.95033351415917,1100.0,27.545454545454547,2
