duration,hnr,f0globalMean,f0globalSD,avgPauseLength,sound2silenceRatio,totalPauses
1.582875,-87.84664787470857,161.84448386486486,120.56640804487415,850.0,18.41176470588235,4
