duration,hnr,f0globalMean,f0globalSD,avgPauseLength,sound2silenceRatio,totalPauses
1.4455625,-50.4685778164692,171.23608614159286,108.43710472189531,700.0,20.571428571428573,4
