duration,hnr,f0globalMean,f0globalSD,avgPauseLength,sound2silenceRatio,totalPauses
3.0990625,-49.07528756378216,207.97785207692309,127.19671820196129,633.3333333333333,32.31578947368421,6
