duration,hnr,f0globalMean,f0globalSD,avgPauseLength,sound2silenceRatio,totalPauses
0.8975625,-49.56891422493583,225.3211272,127.04178607473528,733.3333333333333,16.545454545454547,3
