duration,hnr,f0globalMean,f0globalSD,avgPauseLength,sound2silenceRatio,totalPauses
2.5926875,-59.65261639993251,287.46180017058816,176.40470434522362,1200.0,28.555555555555557,3
