duration,hnr,f0globalMean,f0globalSD,avgPauseLength,sound2silenceRatio,totalPauses
1.0045,-51.20753467147536,187.9578313770492,116.71919321254421,1200.0,16.833333333333332,2
