duration,hnr,f0globalMean,f0globalSD,avgPauseLength,sound2silenceRatio,totalPauses
1.487125,-121.46554196609036,80.62204774074074,62.24459925818155,1025.0,6.560975609756097,8
