duration,f0globalMean,f0globalSD,avgPauseLength,sound2silenceRatio,totalPauses
1.4699375,178.31290109278342,109.19391108706924,880.0,12.954545454545455,5
