duration,hnr,f0globalMean,f0globalSD,avgPauseLength,sound2silenceRatio,totalPauses
1.222625,-96.82556024789962,103.87708646341466,87.42786759849064,650.0,18.846153846153847,4
