duration,hnr,f0globalMean,f0globalSD,avgPauseLength,sound2silenceRatio,totalPauses
1.222625,-96.82556361255371,87.24411475,74.6325618500934,650.0,18.846153846153847,4
