duration,hnr,f0globalMean,f0globalSD,avgPauseLength,sound2silenceRatio,totalPauses
1.0736875,-58.42059151099462,149.04829085714286,94.64382951548075,1300.0,16.53846153846154,2
