duration,hnr,f0globalMean,f0globalSD,avgPauseLength,sound2silenceRatio,totalPauses
1.0736875,-58.420595595234325,143.93530036507937,95.60497417863586,1300.0,16.53846153846154,2
