duration,hnr,f0globalMean,f0globalSD,avgPauseLength,sound2silenceRatio,totalPauses
1.707125,-41.20115869616034,158.4931011212121,74.68819030884534,800.0,28.5,3
