duration,hnr,f0globalMean,f0globalSD,avgPauseLength,sound2silenceRatio,totalPauses
1.93225,-52.44906828536015,119.73679655714295,65.84610573459037,1100.0,35.27272727272727,2
