duration,f0globalMean,f0globalSD,avgPauseLength,sound2silenceRatio,totalPauses
1.8171875,121.61422126315797,49.21157906148362,1333.3333333333333,17.8,3
