duration,hnr,f0globalMean,f0globalSD,avgPauseLength,sound2silenceRatio,totalPauses
2.5926875,-93.19532199629008,99.74867353216378,64.31682850492163,800.0,32.25,4
