duration,f0globalMean,f0globalSD,avgPauseLength,sound2silenceRatio,totalPauses
0.7215,143.4920111515152,105.43734530070927,566.6666666666666,8.235294117647058,6
