duration,hnr,f0globalMean,f0globalSD,avgPauseLength,sound2silenceRatio,totalPauses
1.498,-58.60473656185436,97.429203202381,70.19645816366513,1300.0,23.076923076923077,2
