duration,hnr,f0globalMean,f0globalSD,avgPauseLength,sound2silenceRatio,totalPauses
1.463,-57.42079120128896,109.3447752758621,72.72148150836993,520.0,22.53846153846154,5
