duration,hnr,f0globalMean,f0globalSD,avgPauseLength,sound2silenceRatio,totalPauses
1.3065,-32.592032938157516,97.46003663157897,75.81195165558505,900.0,29.444444444444443,2
