duration,hnr,f0globalMean,f0globalSD,avgPauseLength,sound2silenceRatio,totalPauses
2.8811875,-130.8806357255436,93.34241760919545,79.25352989360472,600.0,38.266666666666666,5
