duration,hnr,f0globalMean,f0globalSD,avgPauseLength,sound2silenceRatio,totalPauses
1.0151875,-27.363698538363163,118.53623375641025,59.728165292725826,1133.3333333333333,11.705882352941176,3
