duration,hnr,f0globalMean,f0globalSD,avgPauseLength,sound2silenceRatio,totalPauses
1.9104375,-75.90235985189067,67.08000117857144,52.24229953390771,640.0,23.6875,5
