duration,hnr,f0globalMean,f0globalSD,avgPauseLength,sound2silenceRatio,totalPauses
0.973375,-88.2203111549763,145.18495978048782,109.62188470563245,1300.0,15.0,2
