duration,f0globalMean,f0globalSD,avgPauseLength,sound2silenceRatio,totalPauses
2.0604375,119.17284906140348,87.49702966272514,542.8571428571429,21.36842105263158,7
