duration,hnr,f0globalMean,f0globalSD,avgPauseLength,sound2silenceRatio,totalPauses
0.6925625,-163.88932088519064,115.314246037037,90.17794018975512,600.0,11.666666666666666,4
