duration,hnr,f0globalMean,f0globalSD,avgPauseLength,sound2silenceRatio,totalPauses
1.8833125,-51.8017956305502,89.17736690196084,66.84659333225252,933.3333333333334,26.857142857142858,3
