duration,hnr,f0globalMean,f0globalSD,avgPauseLength,sound2silenceRatio,totalPauses
1.5244375,-64.66667954038665,147.18961800000005,110.23704794369705,600.0,34.333333333333336,3
