duration,hnr,f0globalMean,f0globalSD,avgPauseLength,sound2silenceRatio,totalPauses
1.7190625,-107.6141195288661,113.87777804109591,88.43116476861435,933.3333333333334,24.5,3
