duration,hnr,f0globalMean,f0globalSD,avgPauseLength,sound2silenceRatio,totalPauses
1.722375,-115.7246215637855,134.1780748636365,80.85321641325311,360.0,18.833333333333332,10
