,PC1,PC1,PC2,PC2,PC3,PC3,PC4,PC4,PC5,PC5,PC6,PC6
,Features,Correlation,Features,Correlation,Features,Correlation,Features,Correlation,Features,Correlation,Features,Correlation
0,hnrglobalMean,-0.27884683183339726,unstressedVowels_F0,0.25144745281539793,Intensity,0.23436248204618998,stops_VOT,0.3011858018836982,energyRange,0.23947115128268573,sonorants_F1,0.196424488332145
1,hnrglobalRange,-0.308218806855007,sonorants_F0,0.31446585708994657,sonorants_F3,-0.23901663672288978,Avg. Voca. Dur.,0.3207498765488878,Intensity,0.2765660283275575,fricatives_Std,-0.34731525813566616
2,hnrglobalSD,-0.3212479234487972,f0globalSD,0.3318414982120337,sonorants_F2,-0.28274252727717336,SyllPerSecond,-0.3897526518799293,Sound Pressure Level,0.40224221386461817,fricatives_Kur,0.39430904997523325
3,Energy,-0.33242274361824237,f0globalMean,0.3855251045360109,hnrglobalMean,0.24860266841994677,Avg. Word Dur.,0.3804893474286435,Root Mean Square,0.40231285186467675,fricatives_CoG,-0.40397171150828376
4,duration,-0.3337465399587143,stressedVowels_F0,0.33466667760278085,fricatives_Std,-0.24373838503697906,Avg. Cons. Dur.,0.3763465091178651,energySD,0.28155674360340055,fricatives_Ske,0.48009066772735876
