,PC1,PC2,PC3,PC4,PC5,PC6
Proportion of Variance,0.12926618178415245,0.11719290387985255,0.09312240251238842,0.07444945280995176,0.0530389404500263,0.04993002907966762
Cumulative Proportion,12.9,24.6,33.900000000000006,41.300000000000004,46.6,51.6
