,PC1,PC2,PC3,PC4,PC5,PC6
Proportion of Variance,0.13044656256931123,0.1234244006999646,0.08790920338796211,0.0743417167032186,0.057933874532405005,0.05240117081187289
Cumulative Proportion,13.0,25.3,34.1,41.5,47.3,52.5
