,PC1,PC1,PC2,PC2,PC3,PC3,PC4,PC4,PC5,PC5,PC6,PC6
,Features,Correlation,Features,Correlation,Features,Correlation,Features,Correlation,Features,Correlation,Features,Correlation
0,hnrglobalMean,-0.2788497891555704,unstressedVowels_F0,0.2514544124303282,Intensity,0.23436380832626696,stops_VOT,0.3012710900017604,energyRange,0.23916674768910942,sonorants_F1,0.19693788297161993
1,hnrglobalRange,-0.30822010624298707,sonorants_F0,0.3144730513564982,sonorants_F3,-0.2389599798484267,Avg. Voca. Dur.,0.3206613441265907,Intensity,0.2767240143263821,fricatives_Std,-0.34882990167009825
2,hnrglobalSD,-0.3212537780193598,f0globalSD,0.33184512749951295,sonorants_F2,-0.2827209966439335,SyllPerSecond,-0.3897769926847234,Sound Pressure Level,0.4024396810171911,fricatives_Kur,0.39347898177222934
3,Energy,-0.33241994328769775,f0globalMean,0.385526638136342,hnrglobalMean,0.2485828101897721,Avg. Word Dur.,0.3804425889385072,Root Mean Square,0.40251047017917474,fricatives_CoG,-0.40471015985637426
4,duration,-0.3337437388493249,stressedVowels_F0,0.3346713667005384,fricatives_Std,-0.24370629751285638,Avg. Cons. Dur.,0.376384983093255,energySD,0.28141837775339995,fricatives_Ske,0.4800186924085175
