,PC1,PC1,PC2,PC2,PC3,PC3,PC4,PC4,PC5,PC5,PC6,PC6
,Features,Correlation,Features,Correlation,Features,Correlation,Features,Correlation,Features,Correlation,Features,Correlation
0,Avg. Word Dur.,0.25970751579929513,sonorants_F1,-0.2444979480144907,Energy,-0.26868488170935373,Avg. Voca. Dur.,0.27312161878920876,sonorants_F1,0.21417346254603128,energyRange,0.27714860494754906
1,sonorants_F0,0.3141435913949913,sonorants_F2,-0.2585554113645294,duration,-0.27044181180330873,SyllPerSecond,-0.3007895607912705,fricatives_Ske,0.3961519111395846,energySD,0.40985709867313685
2,f0globalSD,0.3255523617710185,hnrglobalRange,0.27658910654977936,Root Mean Square,0.27824906870064314,Avg. Cons. Dur.,0.33290469732840033,unstressedVowels_F1,0.21903709853604392,sound2silenceRatio,-0.28960597024904344
3,f0globalMean,0.38019815815141145,hnrglobalMean,0.3250713881680093,Sound Pressure Level,0.2787391923937443,Avg. Word Dur.,0.39578624962653863,fricatives_CoG,-0.2184355539800658,Sound Pressure Level,0.36823401226019437
4,stressedVowels_F0,0.32965248587324686,hnrglobalSD,0.3384829472883815,Intensity,0.3321120861542067,stops_VOT,0.34395932774346333,fricatives_Kur,0.6280949332364748,Root Mean Square,0.36913110888393147
