,PC1,PC2,PC3,PC4,PC5,PC6
Proportion of Variance,0.13153717328471987,0.11833990179310781,0.08054325634132845,0.07085788460620225,0.06995945847029705,0.046760609207984645
Cumulative Proportion,13.200000000000001,25.0,33.1,40.2,47.2,51.900000000000006
