duration,f0globalMean,f0globalSD,avgPauseLength,sound2silenceRatio,totalPauses
1.7886875,106.67577821167892,55.37467782590053,733.3333333333333,32.72727272727273,3
