duration,f0globalMean,f0globalSD,avgPauseLength,sound2silenceRatio,totalPauses
1.6844375,99.69911896799996,64.80443048637323,1300.0,25.923076923076923,2
