duration,f0globalMean,f0globalSD,avgPauseLength,sound2silenceRatio,totalPauses
1.6219375,65.83500566037739,42.04577226539393,866.6666666666666,24.923076923076923,3
