duration,f0globalMean,f0globalSD,avgPauseLength,sound2silenceRatio,totalPauses
1.5500625,113.87493154736848,76.4743730085943,600.0,34.888888888888886,3
