duration,f0globalMean,f0globalSD,avgPauseLength,sound2silenceRatio,totalPauses
1.6190625,85.24878118115934,44.05731200841977,725.0,10.620689655172415,8
