duration,f0globalMean,f0globalSD,avgPauseLength,sound2silenceRatio,totalPauses
1.942375,105.26990762666665,58.12373869907681,466.6666666666667,18.095238095238095,9
