duration,f0globalMean,f0globalSD,avgPauseLength,sound2silenceRatio,totalPauses
2.2211875,195.6821988837209,128.05721275892026,1400.0,31.642857142857142,2
