duration,f0globalMean,f0globalSD,avgPauseLength,sound2silenceRatio,totalPauses
1.25,267.6595401111112,180.0226266828959,1200.0,13.61111111111111,3
