duration,f0globalMean,f0globalSD,avgPauseLength,sound2silenceRatio,totalPauses
2.7468125,230.35487651204846,149.7345844457754,650.0,42.23076923076923,4
