duration,f0globalMean,f0globalSD,avgPauseLength,sound2silenceRatio,totalPauses
1.492,199.72428188372092,133.20008355887836,700.0,21.214285714285715,4
