duration,f0globalMean,f0globalSD,avgPauseLength,sound2silenceRatio,totalPauses
1.246,183.9983337820512,122.4652673255768,650.0,19.153846153846153,4
