duration,f0globalMean,f0globalSD,avgPauseLength,sound2silenceRatio,totalPauses
2.18225,142.18060392771082,121.08342626495514,560.0,31.071428571428573,5
