duration,f0globalMean,f0globalSD,avgPauseLength,sound2silenceRatio,totalPauses
1.91325,186.5793651935484,120.10353089521716,1300.0,29.46153846153846,2
