duration,f0globalMean,f0globalSD,avgPauseLength,sound2silenceRatio,totalPauses
2.177625,156.32299228301895,122.39143146072259,600.0,13.966666666666667,10
