duration,f0globalMean,f0globalSD,avgPauseLength,sound2silenceRatio,totalPauses
1.662625,206.09153164827578,73.5305822081238,1100.0,30.454545454545453,2
