duration,f0globalMean,f0globalSD,avgPauseLength,sound2silenceRatio,totalPauses
2.9465625,186.33623733944953,96.88274258629578,700.0,27.666666666666668,6
