duration,f0globalMean,f0globalSD,avgPauseLength,sound2silenceRatio,totalPauses
1.96375,241.03338695967747,158.56786533582945,600.0,44.111111111111114,3
