duration,f0globalMean,f0globalSD,avgPauseLength,sound2silenceRatio,totalPauses
2.2014375,183.96795857718126,119.90396081304853,720.0,24.166666666666668,5
