duration,f0globalMean,f0globalSD,avgPauseLength,sound2silenceRatio,totalPauses
3.6063125,175.53469536398447,96.34032442687216,480.0,29.583333333333332,10
