duration,f0globalMean,f0globalSD,avgPauseLength,sound2silenceRatio,totalPauses
2.361625,184.41851195,110.7393684563523,600.0,52.888888888888886,3
