duration,f0globalMean,f0globalSD,avgPauseLength,sound2silenceRatio,totalPauses
1.988,226.89356464754115,146.38326009757503,1300.0,30.615384615384617,2
