duration,f0globalMean,f0globalSD,avgPauseLength,sound2silenceRatio,totalPauses
1.3451875,174.05050874999984,84.00027610707326,850.0,15.588235294117647,4
