duration,f0globalMean,f0globalSD,avgPauseLength,sound2silenceRatio,totalPauses
1.60075,160.57653472222216,108.64807347412486,533.3333333333333,19.8125,6
