duration,f0globalMean,f0globalSD,avgPauseLength,sound2silenceRatio,totalPauses
1.648125,133.65040583042972,82.02706355453569,822.2222222222222,8.27027027027027,9
