duration,f0globalMean,f0globalSD,avgPauseLength,sound2silenceRatio,totalPauses
1.0218125,125.79338691952908,65.09809497767426,866.6666666666666,15.692307692307692,3
