duration,f0globalMean,f0globalSD,avgPauseLength,sound2silenceRatio,totalPauses
0.91775,172.88139155580757,132.3584485106805,720.0,9.944444444444445,5
