duration,f0globalMean,f0globalSD,avgPauseLength,sound2silenceRatio,totalPauses
0.706,106.66802276165258,65.69273228478615,866.6666666666666,10.846153846153847,3
