duration,f0globalMean,f0globalSD,avgPauseLength,sound2silenceRatio,totalPauses
0.89075,170.3884682745008,107.59635921755871,1300.0,13.692307692307692,2
