duration,f0globalMean,f0globalSD,avgPauseLength,sound2silenceRatio,totalPauses
0.567625,154.57111212485907,56.3024501542634,600.0,7.466666666666667,5
