duration,f0globalMean,f0globalSD,avgPauseLength,sound2silenceRatio,totalPauses
2.1373125,159.95466160414668,142.69217412119815,457.1428571428571,26.5,7
