duration,f0globalMean,f0globalSD,avgPauseLength,sound2silenceRatio,totalPauses
7.852625,214.15954391673228,124.4005383261829,410.5263157894737,39.61538461538461,19
