duration,f0globalMean,f0globalSD,avgPauseLength,sound2silenceRatio,totalPauses
2.6135625,148.36187796330643,94.8202648213754,875.0,14.314285714285715,8
