duration,f0globalMean,f0globalSD,avgPauseLength,sound2silenceRatio,totalPauses
1.29675,134.73660616149326,87.3231561402473,1080.0,9.074074074074074,5
