duration,f0globalMean,f0globalSD,avgPauseLength,sound2silenceRatio,totalPauses
6.3034375,188.07943433935512,123.90533226672859,368.4210526315789,35.4,19
