duration,f0globalMean,f0globalSD,avgPauseLength,sound2silenceRatio,totalPauses
0.8830625,178.71084780072266,111.77986642307053,1200.0,14.833333333333334,2
