duration,f0globalMean,f0globalSD,avgPauseLength,sound2silenceRatio,totalPauses
2.8850625,124.62149606479878,70.01315311501016,850.0,7.676470588235294,16
