duration,f0globalMean,f0globalSD,avgPauseLength,sound2silenceRatio,totalPauses
5.71075,118.99638989654923,66.17320181925311,493.33333333333337,9.405405405405405,45
