duration,f0globalMean,f0globalSD,avgPauseLength,sound2silenceRatio,totalPauses
11.0611875,186.00071160720614,116.59343533793627,380.48780487804873,27.525641025641026,41
