duration,f0globalMean,f0globalSD,avgPauseLength,sound2silenceRatio,totalPauses
3.5833125,202.09393602346913,124.78867030562564,514.2857142857143,39.55555555555556,7
