duration,f0globalMean,f0globalSD,avgPauseLength,sound2silenceRatio,totalPauses
0.55125,194.8087246144472,95.06341216163969,1100.0,10.181818181818182,2
