duration,f0globalMean,f0globalSD,avgPauseLength,sound2silenceRatio,totalPauses
2.482875,127.76297038897897,57.53534165302946,555.5555555555555,19.4,9
