duration,f0globalMean,f0globalSD,avgPauseLength,sound2silenceRatio,totalPauses
1.0094375,262.58255587232327,172.3668188434628,733.3333333333333,18.545454545454547,3
