duration,f0globalMean,f0globalSD,avgPauseLength,sound2silenceRatio,totalPauses
1.434,230.42831223165672,101.67523212277862,1100.0,26.272727272727273,2
