duration,f0globalMean,f0globalSD,avgPauseLength,sound2silenceRatio,totalPauses
1.60675,187.9340586943254,130.81580730618086,1266.6666666666665,16.57894736842105,3
