duration,f0globalMean,f0globalSD,avgPauseLength,sound2silenceRatio,totalPauses
0.6936875,199.56556874473566,140.1367394611381,1300.0,10.692307692307692,2
