duration,f0globalMean,f0globalSD,avgPauseLength,sound2silenceRatio,totalPauses
5.876125,111.09271731597994,82.58470354609906,644.4444444444445,7.1931034482758625,45
