duration,f0globalMean,f0globalSD,avgPauseLength,sound2silenceRatio,totalPauses
3.4515625,211.5975960671762,110.71104878320467,450.0,77.11111111111111,4
