duration,f0globalMean,f0globalSD,avgPauseLength,sound2silenceRatio,totalPauses
1.1166875,183.76931481494967,134.72103561757416,700.0,15.857142857142858,4
