duration,f0globalMean,f0globalSD,avgPauseLength,sound2silenceRatio,totalPauses
0.4839375,100.72542888655943,82.11375090921447,720.0,5.111111111111111,5
