duration,f0globalMean,f0globalSD,avgPauseLength,sound2silenceRatio,totalPauses
11.1096875,173.89980234439386,96.79520351601633,384.2105263157895,29.616438356164384,38
