duration,f0globalMean,f0globalSD,avgPauseLength,sound2silenceRatio,totalPauses
6.0694375,180.96448182273613,117.20111525425796,800.0,33.083333333333336,9
