duration,f0globalMean,f0globalSD,avgPauseLength,sound2silenceRatio,totalPauses
1.343875,127.5225993743599,83.88919933981518,566.6666666666666,15.588235294117647,6
