duration,f0globalMean,f0globalSD,avgPauseLength,sound2silenceRatio,totalPauses
2.8846875,205.0739963053635,97.8034568385024,750.0,38.333333333333336,4
