duration,f0globalMean,f0globalSD,avgPauseLength,sound2silenceRatio,totalPauses
1.100875,159.85463934454,128.19343701595633,750.0,14.533333333333333,4
