duration,f0globalMean,f0globalSD,avgPauseLength,sound2silenceRatio,totalPauses
4.839625,87.65715010630704,67.0512291170499,535.7142857142857,5.54,56
