duration,f0globalMean,f0globalSD,avgPauseLength,sound2silenceRatio,totalPauses
1.20925,173.8422923149389,100.79710951106208,1066.6666666666665,14.9375,3
