duration,f0globalMean,f0globalSD,avgPauseLength,sound2silenceRatio,totalPauses
1.6758125,101.86326683750089,64.16568219981937,580.952380952381,4.704918032786885,21
