duration,f0globalMean,f0globalSD,avgPauseLength,sound2silenceRatio,totalPauses
0.4221875,91.8935914342308,49.778513520874355,866.6666666666666,6.461538461538462,3
