duration,f0globalMean,f0globalSD,avgPauseLength,sound2silenceRatio,totalPauses
1.7628125,174.68162661419248,103.04865781698112,800.0,12.071428571428571,7
