duration,f0globalMean,f0globalSD,avgPauseLength,sound2silenceRatio,totalPauses
1.034125,148.51811372408415,97.65610957613572,760.0,10.578947368421053,5
