duration,f0globalMean,f0globalSD,avgPauseLength,sound2silenceRatio,totalPauses
0.7801875,202.50236482362047,161.37419649707292,1200.0,13.083333333333334,2
