duration,f0globalMean,f0globalSD,avgPauseLength,sound2silenceRatio,totalPauses
4.5358125,133.7749505984296,93.93118262607292,850.0,9.823529411764707,20
