duration,f0globalMean,f0globalSD,avgPauseLength,sound2silenceRatio,totalPauses
0.7949375,209.9379910880905,113.7929749493982,733.3333333333333,14.636363636363637,3
