duration,f0globalMean,f0globalSD,avgPauseLength,sound2silenceRatio,totalPauses
0.3131875,91.95597332016881,55.198632244453854,850.0,3.4705882352941178,4
