duration,f0globalMean,f0globalSD,avgPauseLength,sound2silenceRatio,totalPauses
0.7183125,182.38627384903413,110.73906093215294,500.0,9.466666666666667,6
