duration,f0globalMean,f0globalSD,avgPauseLength,sound2silenceRatio,totalPauses
3.9855625,116.6222853709318,62.37313113642501,911.1111111111111,18.75609756097561,9
