duration,f0globalMean,f0globalSD,avgPauseLength,sound2silenceRatio,totalPauses
0.1950625,87.47783755011432,53.87267490087549,750.0,2.466666666666667,4
