duration,f0globalMean,f0globalSD,avgPauseLength,sound2silenceRatio,totalPauses
4.7435,271.9916084048403,107.81615664681081,1100.0,86.45454545454545,2
