duration,f0globalMean,f0globalSD,avgPauseLength,sound2silenceRatio,totalPauses
2.7836875,136.95693509078345,78.48893675547203,688.8888888888889,17.387096774193548,9
