duration,f0globalMean,f0globalSD,avgPauseLength,sound2silenceRatio,totalPauses
0.5529375,85.7668946997299,52.28857697719748,950.0,5.526315789473684,4
