duration,f0globalMean,f0globalSD,avgPauseLength,sound2silenceRatio,totalPauses
0.9509375,294.5503098619722,195.16666472683713,533.3333333333333,24.375,3
