duration,f0globalMean,f0globalSD,avgPauseLength,sound2silenceRatio,totalPauses
0.43425,201.46055106203147,95.01676541729758,1200.0,7.333333333333333,2
