duration,f0globalMean,f0globalSD,avgPauseLength,sound2silenceRatio,totalPauses
1.865875,90.2972548021481,67.04397602583728,582.6086956521739,4.7611940298507465,23
