duration,f0globalMean,f0globalSD,avgPauseLength,sound2silenceRatio,totalPauses
0.659,159.95422771097904,122.31395909501593,680.0,7.529411764705882,5
