duration,f0globalMean,f0globalSD,avgPauseLength,sound2silenceRatio,totalPauses
0.866375,122.16777328962657,92.53332808132178,633.3333333333333,8.789473684210526,6
