duration,f0globalMean,f0globalSD,avgPauseLength,sound2silenceRatio,totalPauses
2.705875,250.4651449228002,117.08890880751566,600.0,29.77777777777778,6
