duration,f0globalMean,f0globalSD,avgPauseLength,sound2silenceRatio,totalPauses
0.3058125,106.55508066355033,51.971232275081,1200.0,5.166666666666667,2
