duration,f0globalMean,f0globalSD,avgPauseLength,sound2silenceRatio,totalPauses
8.447875,180.42048701286558,106.2083796345509,400.0,29.410714285714285,28
