duration,f0globalMean,f0globalSD,avgPauseLength,sound2silenceRatio,totalPauses
4.334,195.30656734582428,113.87209114120803,560.0,30.428571428571427,10
