duration,f0globalMean,f0globalSD,avgPauseLength,sound2silenceRatio,totalPauses
4.3854375,126.14533634046114,79.36067679085451,841.3793103448276,6.295081967213115,29
