duration,f0globalMean,f0globalSD,avgPauseLength,sound2silenceRatio,totalPauses
4.27175,155.2646843526917,93.12308321337325,630.0,12.761904761904763,20
