duration,f0globalMean,f0globalSD,avgPauseLength,sound2silenceRatio,totalPauses
2.2186875,187.71197670186282,128.10237771104798,1466.6666666666665,19.772727272727273,3
