duration,f0globalMean,f0globalSD,avgPauseLength,sound2silenceRatio,totalPauses
0.281125,88.32410982433522,44.68534621304458,1066.6666666666665,3.3125,3
