duration,f0globalMean,f0globalSD,avgPauseLength,sound2silenceRatio,totalPauses
6.956625,177.19227112113242,109.61959695493896,305.88235294117646,53.0,17
