duration,f0globalMean,f0globalSD,avgPauseLength,sound2silenceRatio,totalPauses
1.9769375,138.70525040082805,81.68339172839516,725.0,13.068965517241379,8
