duration,f0globalMean,f0globalSD,avgPauseLength,sound2silenceRatio,totalPauses
5.5625,176.50218993181664,117.74646598281211,568.0,14.845070422535212,25
