duration,f0globalMean,f0globalSD,avgPauseLength,sound2silenceRatio,totalPauses
0.979625,201.80913384511462,148.49217939011058,866.6666666666666,15.076923076923077,3
