duration,f0globalMean,f0globalSD,avgPauseLength,sound2silenceRatio,totalPauses
1.8041875,153.77194228261934,87.57055760542667,800.0,14.583333333333334,6
