duration,f0globalMean,f0globalSD,avgPauseLength,sound2silenceRatio,totalPauses
3.3095625,152.01411589068954,101.10872504674386,400.0,29.681818181818183,11
