duration,f0globalMean,f0globalSD,avgPauseLength,sound2silenceRatio,totalPauses
2.1890625,173.92871821350738,94.67929093940141,950.0,22.736842105263158,4
