duration,f0globalMean,f0globalSD,avgPauseLength,sound2silenceRatio,totalPauses
8.048625,200.26926328548046,124.60083893231446,505.88235294117646,36.74418604651163,17
