duration,f0globalMean,f0globalSD,avgPauseLength,sound2silenceRatio,totalPauses
2.0853125,214.51368038023278,150.02031947410745,480.0,16.916666666666668,10
