duration,f0globalMean,f0globalSD,avgPauseLength,sound2silenceRatio,totalPauses
3.2615625,173.2493823191244,80.16164482344351,680.0,12.03921568627451,15
