duration,f0globalMean,f0globalSD,avgPauseLength,sound2silenceRatio,totalPauses
3.2420625,262.063038366519,142.05509188380185,800.0,22.607142857142858,7
