duration,f0globalMean,f0globalSD,avgPauseLength,sound2silenceRatio,totalPauses
4.876,112.00307286819151,79.57134903395101,516.9811320754717,6.211678832116788,53
