duration,f0globalMean,f0globalSD,avgPauseLength,sound2silenceRatio,totalPauses
1.582125,188.82387084360803,117.5900067401008,1200.0,26.416666666666668,2
