duration,f0globalMean,f0globalSD,avgPauseLength,sound2silenceRatio,totalPauses
3.6965,144.47223750435967,102.4416174896937,648.0,8.283950617283951,25
