duration,f0globalMean,f0globalSD,avgPauseLength,sound2silenceRatio,totalPauses
2.3931875,118.50160677570052,59.191484110178365,709.0909090909091,11.615384615384615,11
