duration,f0globalMean,f0globalSD,avgPauseLength,sound2silenceRatio,totalPauses
0.5405625,166.461421369084,99.25766742474488,1533.3333333333333,4.260869565217392,3
