duration,f0globalMean,f0globalSD,avgPauseLength,sound2silenceRatio,totalPauses
0.95275,89.49554641766058,64.79219691917991,709.0909090909091,4.230769230769231,11
