duration,f0globalMean,f0globalSD,avgPauseLength,sound2silenceRatio,totalPauses
0.6589375,104.2759474103277,93.4997288289401,500.0,3.8333333333333335,12
