duration,f0globalMean,f0globalSD,avgPauseLength,sound2silenceRatio,totalPauses
1.2489375,124.12809969107059,81.49108473423944,1066.6666666666665,15.4375,3
