duration,f0globalMean,f0globalSD,avgPauseLength,sound2silenceRatio,totalPauses
3.4904375,184.76531169300955,128.34997629918033,760.0,36.421052631578945,5
