duration,f0globalMean,f0globalSD,avgPauseLength,sound2silenceRatio,totalPauses
2.7683125,166.44089271463722,75.67178174624546,919.9999999999999,23.652173913043477,5
