duration,f0globalMean,f0globalSD,avgPauseLength,sound2silenceRatio,totalPauses
1.96875,144.72963482894082,112.6990064982639,828.5714285714287,13.03448275862069,7
