duration,f0globalMean,f0globalSD,avgPauseLength,sound2silenceRatio,totalPauses
8.1213125,185.25041733866334,116.73706314521958,400.0,67.20833333333333,12
