duration,f0globalMean,f0globalSD,avgPauseLength,sound2silenceRatio,totalPauses
0.4959375,116.15692152741832,58.914600991491305,933.3333333333334,7.0,3
