duration,f0globalMean,f0globalSD,avgPauseLength,sound2silenceRatio,totalPauses
0.561,182.1107464785436,104.33134718290914,650.0,8.615384615384615,4
