duration,f0globalMean,f0globalSD,avgPauseLength,sound2silenceRatio,totalPauses
3.2725625,116.7319891226123,67.51884803689603,700.0,12.63265306122449,14
