duration,f0globalMean,f0globalSD,avgPauseLength,sound2silenceRatio,totalPauses
0.4665625,92.95918864035943,70.24287079902392,1200.0,7.833333333333333,2
