duration,f0globalMean,f0globalSD,avgPauseLength,sound2silenceRatio,totalPauses
1.38275,166.67648248723992,101.40058146917248,1200.0,11.083333333333334,4
