duration,f0globalMean,f0globalSD,avgPauseLength,sound2silenceRatio,totalPauses
2.86975,187.16959198795442,120.83832490945696,440.0,25.681818181818183,10
