duration,f0globalMean,f0globalSD,avgPauseLength,sound2silenceRatio,totalPauses
0.861375,114.53983631872593,64.69940616455325,600.0,6.708333333333333,8
