duration,f0globalMean,f0globalSD,avgPauseLength,sound2silenceRatio,totalPauses
0.4010625,139.00772373292972,75.12554729025487,700.0,5.642857142857143,4
