duration,f0globalMean,f0globalSD,avgPauseLength,sound2silenceRatio,totalPauses
4.5775625,151.1572422980875,105.77116653337661,608.3333333333333,11.726027397260275,24
