duration,f0globalMean,f0globalSD,avgPauseLength,sound2silenceRatio,totalPauses
0.9214375,191.1964846272063,74.01328581284822,1200.0,15.416666666666666,2
