duration,f0globalMean,f0globalSD,avgPauseLength,sound2silenceRatio,totalPauses
0.348125,118.74211255381721,95.52540636037267,933.3333333333334,4.928571428571429,3
