duration,f0globalMean,f0globalSD,avgPauseLength,sound2silenceRatio,totalPauses
5.543,226.12930129222804,116.28236114868838,415.3846153846154,40.55555555555556,13
