duration,f0globalMean,f0globalSD,avgPauseLength,sound2silenceRatio,totalPauses
2.700875,191.7303990347022,103.1571218280813,644.4444444444445,18.06896551724138,9
