duration,f0globalMean,f0globalSD,avgPauseLength,sound2silenceRatio,totalPauses
0.3544375,285.0843115409331,203.3600799068013,1133.3333333333333,3.9411764705882355,3
