duration,f0globalMean,f0globalSD,avgPauseLength,sound2silenceRatio,totalPauses
4.72225,119.91502238397327,57.48289379116047,453.3333333333333,27.147058823529413,15
