duration,f0globalMean,f0globalSD,avgPauseLength,sound2silenceRatio,totalPauses
0.5373125,103.24177811260793,63.37565593335527,840.0,4.714285714285714,5
