duration,f0globalMean,f0globalSD,avgPauseLength,sound2silenceRatio,totalPauses
2.717375,230.6105150012769,136.6365545327508,733.3333333333333,49.54545454545455,3
