duration,f0globalMean,f0globalSD,avgPauseLength,sound2silenceRatio,totalPauses
3.8324375,244.24258314683547,152.90024046231323,750.0,50.93333333333333,4
