duration,f0globalMean,f0globalSD,avgPauseLength,sound2silenceRatio,totalPauses
0.423875,200.6218560303233,139.54784136410439,1066.6666666666665,5.125,3
