duration,f0globalMean,f0globalSD,avgPauseLength,sound2silenceRatio,totalPauses
2.2738125,204.43459188793938,97.49641256221831,850.0,26.529411764705884,4
