duration,f0globalMean,f0globalSD,avgPauseLength,sound2silenceRatio,totalPauses
1.88825,150.6541580619003,67.76441231989882,457.1428571428571,23.4375,7
