duration,f0globalMean,f0globalSD,avgPauseLength,sound2silenceRatio,totalPauses
3.1558125,250.50969640874595,160.65233880965997,1200.0,52.666666666666664,2
