duration,f0globalMean,f0globalSD,avgPauseLength,sound2silenceRatio,totalPauses
1.8833125,129.58094497209157,78.04485545613865,933.3333333333334,26.857142857142858,3
