duration,f0globalMean,f0globalSD,avgPauseLength,sound2silenceRatio,totalPauses
0.476125,236.8003056065424,208.28233115698876,680.0,5.352941176470588,5
