duration,f0globalMean,f0globalSD,avgPauseLength,sound2silenceRatio,totalPauses
1.3065,195.93412477874858,89.59070860961107,900.0,29.444444444444443,2
