duration,f0globalMean,f0globalSD,avgPauseLength,sound2silenceRatio,totalPauses
1.5580625,176.66109507896192,89.93754017645844,680.0,18.11764705882353,5
