duration,f0globalMean,f0globalSD,avgPauseLength,sound2silenceRatio,totalPauses
0.7875,190.16586302307533,131.24462634289117,1200.0,13.166666666666666,2
