duration,f0globalMean,f0globalSD,avgPauseLength,sound2silenceRatio,totalPauses
2.3725625,198.92770260338136,141.73052404804696,418.18181818181813,20.217391304347824,11
