duration,f0globalMean,f0globalSD,avgPauseLength,sound2silenceRatio,totalPauses
0.4905,128.5179750942629,68.8094707325178,1900.0,4.842105263157895,2
