duration,f0globalMean,f0globalSD,avgPauseLength,sound2silenceRatio,totalPauses
1.8021875,218.3273131531932,116.77209937438612,550.0,32.90909090909091,4
