duration,f0globalMean,f0globalSD,avgPauseLength,sound2silenceRatio,totalPauses
2.394,158.85293915048075,98.99387752537184,600.0,22.428571428571427,7
