duration,f0globalMean,f0globalSD,avgPauseLength,sound2silenceRatio,totalPauses
1.938125,112.41763103900352,67.06424580564423,1300.0,29.846153846153847,2
