duration,f0globalMean,f0globalSD,avgPauseLength,sound2silenceRatio,totalPauses
0.3906875,198.5072936660061,114.47052495548047,1266.6666666666665,3.789473684210526,3
