duration,f0globalMean,f0globalSD,avgPauseLength,sound2silenceRatio,totalPauses
4.0419375,143.76591653887795,77.47968898279426,1200.0,67.41666666666667,2
