duration,f0globalMean,f0globalSD,avgPauseLength,sound2silenceRatio,totalPauses
4.139125,226.85832589040382,187.96431325476104,400.0,34.041666666666664,12
