duration,f0globalMean,f0globalSD,avgPauseLength,sound2silenceRatio,totalPauses
2.504625,229.51372517751443,122.159006541919,533.3333333333333,31.125,6
