duration,f0globalMean,f0globalSD,avgPauseLength,sound2silenceRatio,totalPauses
4.5323125,166.9546279732303,122.51534293058057,1593.939393939394,2.494296577946768,33
