duration,f0globalMean,f0globalSD,avgPauseLength,sound2silenceRatio,totalPauses
2.942125,226.43302851406102,131.65905723912078,680.0,34.35294117647059,5
