duration,f0globalMean,f0globalSD,avgPauseLength,sound2silenceRatio,totalPauses
0.24025,120.8504056402403,104.66721880073516,700.0,7.714285714285714,2
