duration,f0globalMean,f0globalSD,avgPauseLength,sound2silenceRatio,totalPauses
1.337875,365.74525224705644,241.76782870447536,733.3333333333333,24.545454545454547,3
