duration,f0globalMean,f0globalSD,avgPauseLength,sound2silenceRatio,totalPauses
4.3334375,306.4044300859874,175.83244426547833,733.3333333333333,79.0,3
