duration,f0globalMean,f0globalSD,avgPauseLength,sound2silenceRatio,totalPauses
0.7730625,189.58485385951778,150.67911513363083,1066.6666666666665,9.5,3
