duration,f0globalMean,f0globalSD,avgPauseLength,sound2silenceRatio,totalPauses
1.56375,110.79830713344363,72.95472791865626,750.0,20.733333333333334,4
