duration,f0globalMean,f0globalSD,avgPauseLength,sound2silenceRatio,totalPauses
1.002875,277.99049798189077,128.9443088444848,800.0,7.916666666666667,6
