duration,f0globalMean,f0globalSD,avgPauseLength,sound2silenceRatio,totalPauses
3.209125,269.6991333354689,152.95384642581996,750.0,42.666666666666664,4
