duration,f0globalMean,f0globalSD,avgPauseLength,sound2silenceRatio,totalPauses
1.7255,208.23104944195612,92.25733639198053,600.0,22.866666666666667,5
