duration,f0globalMean,f0globalSD,avgPauseLength,sound2silenceRatio,totalPauses
2.589375,267.6813934478436,185.9016376452802,415.3846153846154,18.666666666666668,13
