duration,f0globalMean,f0globalSD,avgPauseLength,sound2silenceRatio,totalPauses
6.56825,189.53915779517916,94.3973629243515,600.0,39.21212121212121,11
