duration,f0globalMean,f0globalSD,avgPauseLength,sound2silenceRatio,totalPauses
1.4699375,192.97557494389366,107.35779260379788,1050.0,13.619047619047619,4
