duration,f0globalMean,f0globalSD,avgPauseLength,sound2silenceRatio,totalPauses
0.3115625,185.8874239197979,142.87931762197888,1066.6666666666665,3.6875,3
