duration,f0globalMean,f0globalSD,avgPauseLength,sound2silenceRatio,totalPauses
19.916,181.9478040215151,130.87677504533175,832.7586206896551,7.273291925465839,116
