duration,f0globalMean,f0globalSD,avgPauseLength,sound2silenceRatio,totalPauses
1.7886875,113.50430715704003,81.69659679636251,666.6666666666666,17.55,6
