duration,f0globalMean,f0globalSD,avgPauseLength,sound2silenceRatio,totalPauses
1.1409375,293.5102061492277,136.39135794657324,1100.0,20.90909090909091,2
