duration,f0globalMean,f0globalSD,avgPauseLength,sound2silenceRatio,totalPauses
3.3219375,173.57001131823247,126.13553840678537,555.5555555555555,26.08,9
