duration,f0globalMean,f0globalSD,avgPauseLength,sound2silenceRatio,totalPauses
0.523375,127.51777874902187,81.55251009700461,1100.0,9.727272727272727,2
