duration,f0globalMean,f0globalSD,avgPauseLength,sound2silenceRatio,totalPauses
3.8315,147.7632773279481,99.37679959185016,418.18181818181813,32.869565217391305,11
