duration,f0globalMean,f0globalSD,avgPauseLength,sound2silenceRatio,totalPauses
0.9865,101.1730165122649,49.6331483946645,450.0,10.666666666666666,8
