duration,f0globalMean,f0globalSD,avgPauseLength,sound2silenceRatio,totalPauses
3.464,90.42595388786843,57.296512981096086,450.0,25.14814814814815,12
