duration,f0globalMean,f0globalSD,avgPauseLength,sound2silenceRatio,totalPauses
1.0648125,182.52706603940106,109.6282320479746,1200.0,17.833333333333332,2
