duration,f0globalMean,f0globalSD,avgPauseLength,sound2silenceRatio,totalPauses
0.3115625,200.79750545367276,150.3054825951663,1300.0,4.769230769230769,2
