duration,f0globalMean,f0globalSD,avgPauseLength,sound2silenceRatio,totalPauses
3.271625,162.81973466689206,82.70205628076603,1400.0,18.057142857142857,5
