duration,f0globalMean,f0globalSD,avgPauseLength,sound2silenceRatio,totalPauses
2.2956875,212.61528391179712,124.19118015640444,950.0,23.842105263157894,4
