duration,f0globalMean,f0globalSD,avgPauseLength,sound2silenceRatio,totalPauses
0.9189375,114.67830460579549,75.71550867805392,1300.0,14.153846153846153,2
