duration,f0globalMean,f0globalSD,avgPauseLength,sound2silenceRatio,totalPauses
6.438875,182.45928041965834,123.83791747945011,355.55555555555554,15.2625,45
