duration,f0globalMean,f0globalSD,avgPauseLength,sound2silenceRatio,totalPauses
1.1856875,204.81684089987718,161.4888164391435,600.0,26.77777777777778,3
