duration,f0globalMean,f0globalSD,avgPauseLength,sound2silenceRatio,totalPauses
8.2754375,191.46685464658148,107.50332332409833,430.0,37.7906976744186,20
