duration,f0globalMean,f0globalSD,avgPauseLength,sound2silenceRatio,totalPauses
5.346125,202.56178878367177,122.52539981847596,600.0,71.13333333333334,5
