duration,f0globalMean,f0globalSD,avgPauseLength,sound2silenceRatio,totalPauses
0.839125,164.9711754218677,96.5547673125698,933.3333333333334,11.928571428571429,3
