duration,f0globalMean,f0globalSD,avgPauseLength,sound2silenceRatio,totalPauses
1.6685625,309.6609320110366,150.1496301615979,566.6666666666666,19.41176470588235,6
