duration,f0globalMean,f0globalSD,avgPauseLength,sound2silenceRatio,totalPauses
0.7319375,87.34583031859468,55.713686354329674,600.0,7.833333333333333,6
