duration,f0globalMean,f0globalSD,avgPauseLength,sound2silenceRatio,totalPauses
0.667625,193.35584511293038,113.40947945575807,1100.0,12.363636363636363,2
