duration,f0globalMean,f0globalSD,avgPauseLength,sound2silenceRatio,totalPauses
2.653625,317.22972826080286,199.9065247321175,1100.0,48.45454545454545,2
