duration,f0globalMean,f0globalSD,avgPauseLength,sound2silenceRatio,totalPauses
2.042375,269.31261573604473,121.64373362425266,1200.0,34.083333333333336,2
