duration,f0globalMean,f0globalSD,avgPauseLength,sound2silenceRatio,totalPauses
2.917125,144.27512723018478,100.51743749822657,750.0,38.733333333333334,4
