duration,f0globalMean,f0globalSD,avgPauseLength,sound2silenceRatio,totalPauses
2.1823125,199.21855093370465,111.2133893644577,1200.0,36.416666666666664,2
