duration,f0globalMean,f0globalSD,avgPauseLength,sound2silenceRatio,totalPauses
3.3100625,114.33099806532127,50.35791152128143,622.2222222222222,23.107142857142858,9
