duration,f0globalMean,f0globalSD,avgPauseLength,sound2silenceRatio,totalPauses
3.2356875,216.9790215292164,86.30661147851704,888.8888888888889,15.5,9
