duration,f0globalMean,f0globalSD,avgPauseLength,sound2silenceRatio,totalPauses
2.886125,183.15044466520973,108.64404514732244,1240.0,18.032258064516128,5
