duration,f0globalMean,f0globalSD,avgPauseLength,sound2silenceRatio,totalPauses
1.492,192.7470528593867,128.9500780150375,933.3333333333334,21.214285714285715,3
