duration,f0globalMean,f0globalSD,avgPauseLength,sound2silenceRatio,totalPauses
0.510875,212.38527978019374,146.93533144311638,1066.6666666666665,6.1875,3
