duration,f0globalMean,f0globalSD,avgPauseLength,sound2silenceRatio,totalPauses
0.4975,116.41262572157915,77.83393287568167,1200.0,8.333333333333334,2
