duration,f0globalMean,f0globalSD,avgPauseLength,sound2silenceRatio,totalPauses
0.9354375,101.15223877756495,39.40029856364142,1300.0,14.384615384615385,2
