duration,f0globalMean,f0globalSD,avgPauseLength,sound2silenceRatio,totalPauses
0.5310625,293.3363090199841,229.86860089973928,1100.0,9.818181818181818,2
