duration,f0globalMean,f0globalSD,avgPauseLength,sound2silenceRatio,totalPauses
19.0741875,188.44213926964977,115.9280273270751,417.39130434782606,78.75,23
