duration,f0globalMean,f0globalSD,avgPauseLength,sound2silenceRatio,totalPauses
3.80425,211.0988699793833,145.87167536178626,400.0,19.36842105263158,19
