duration,f0globalMean,f0globalSD,avgPauseLength,sound2silenceRatio,totalPauses
0.958625,196.55054290943306,115.91897558740472,1050.0,8.761904761904763,4
