duration,f0globalMean,f0globalSD,avgPauseLength,sound2silenceRatio,totalPauses
0.531125,199.05776332886433,109.99893088100335,650.0,8.153846153846153,4
