duration,f0globalMean,f0globalSD,avgPauseLength,sound2silenceRatio,totalPauses
1.2938125,253.72239155717318,87.22986433724053,933.3333333333334,18.428571428571427,3
