duration,f0globalMean,f0globalSD,avgPauseLength,sound2silenceRatio,totalPauses
3.14725,237.4798532492616,139.13803266923773,520.0,23.692307692307693,10
