duration,f0globalMean,f0globalSD,avgPauseLength,sound2silenceRatio,totalPauses
1.5073125,175.54633194071263,95.27263120105533,1100.0,27.545454545454547,2
