duration,f0globalMean,f0globalSD,avgPauseLength,sound2silenceRatio,totalPauses
4.3223125,177.58304467671795,108.45872891403346,733.3333333333333,78.72727272727273,3
