duration,f0globalMean,f0globalSD,avgPauseLength,sound2silenceRatio,totalPauses
3.3436875,206.33625326424712,160.4820142857312,444.44444444444446,16.05,18
