duration,f0globalMean,f0globalSD,avgPauseLength,sound2silenceRatio,totalPauses
7.6091875,192.11643927898632,128.33597905869365,362.5,25.46551724137931,32
