duration,f0globalMean,f0globalSD,avgPauseLength,sound2silenceRatio,totalPauses
1.5580625,112.51376646573502,69.66864965026728,750.0,20.666666666666668,4
