duration,f0globalMean,f0globalSD,avgPauseLength,sound2silenceRatio,totalPauses
5.4180625,186.59177312443137,115.28285487578351,661.5384615384614,24.511627906976745,13
