duration,f0globalMean,f0globalSD,avgPauseLength,sound2silenceRatio,totalPauses
5.7015,179.4254883916703,100.45163395656719,409.09090909090907,24.622222222222224,22
