duration,f0globalMean,f0globalSD,avgPauseLength,sound2silenceRatio,totalPauses
14.8055625,205.69853278528802,130.08268748250276,363.15789473684214,42.10144927536232,38
