duration,f0globalMean,f0globalSD,avgPauseLength,sound2silenceRatio,totalPauses
1.813625,185.66230123361603,66.56510265111409,566.6666666666666,21.11764705882353,6
