duration,f0globalMean,f0globalSD,avgPauseLength,sound2silenceRatio,totalPauses
5.94625,235.37777443467587,127.13413432898182,666.6666666666666,59.1,6
