duration,f0globalMean,f0globalSD,avgPauseLength,sound2silenceRatio,totalPauses
1.8565,215.54313058973347,149.02951294236334,766.6666666666666,15.695652173913043,6
