duration,f0globalMean,f0globalSD,avgPauseLength,sound2silenceRatio,totalPauses
1.42675,134.2687060187122,52.653400164539725,866.6666666666666,21.923076923076923,3
