duration,f0globalMean,f0globalSD,avgPauseLength,sound2silenceRatio,totalPauses
6.072875,219.8840165733938,132.37617084904932,840.0,57.476190476190474,5
