duration,f0globalMean,f0globalSD,avgPauseLength,sound2silenceRatio,totalPauses
2.8811875,121.86147469990924,99.38153974841192,600.0,38.266666666666666,5
