duration,f0globalMean,f0globalSD,avgPauseLength,sound2silenceRatio,totalPauses
0.211375,172.78766127383128,125.14732197869075,1200.0,3.5833333333333335,2
