duration,f0globalMean,f0globalSD,avgPauseLength,sound2silenceRatio,totalPauses
8.39425,201.5917150197148,125.7190495754993,425.0,48.76470588235294,16
