duration,f0globalMean,f0globalSD,avgPauseLength,sound2silenceRatio,totalPauses
7.8393125,192.282013900235,122.75853350995376,414.28571428571433,53.51724137931034,14
