duration,f0globalMean,f0globalSD,avgPauseLength,sound2silenceRatio,totalPauses
1.1783125,182.00523709791273,116.47177192036573,1300.0,18.153846153846153,2
