duration,f0globalMean,f0globalSD,avgPauseLength,sound2silenceRatio,totalPauses
4.8439375,206.40996889027775,135.95961869147672,310.0,30.677419354838708,20
