duration,f0globalMean,f0globalSD,avgPauseLength,sound2silenceRatio,totalPauses
3.7048125,190.00698572221364,104.4095254010873,1000.0,49.266666666666666,3
