duration,f0globalMean,f0globalSD,avgPauseLength,sound2silenceRatio,totalPauses
0.3595625,118.06831625605373,44.81905974906967,1300.0,5.538461538461538,2
