duration,f0globalMean,f0globalSD,avgPauseLength,sound2silenceRatio,totalPauses
2.93225,200.89678692844367,126.8798033146207,933.3333333333334,41.785714285714285,3
