duration,f0globalMean,f0globalSD,avgPauseLength,sound2silenceRatio,totalPauses
10.9378125,179.01841633145045,116.73679210779667,360.0,29.569444444444443,40
