duration,f0globalMean,f0globalSD,avgPauseLength,sound2silenceRatio,totalPauses
1.5500625,149.18612672612278,90.54318448578148,600.0,34.888888888888886,3
