duration,f0globalMean,f0globalSD,avgPauseLength,sound2silenceRatio,totalPauses
7.4573125,186.08754710585268,123.48524200119071,440.0,33.18181818181818,20
