duration,f0globalMean,f0globalSD,avgPauseLength,sound2silenceRatio,totalPauses
4.005875,166.4455765352715,106.3987613621736,475.0,41.8421052631579,8
