duration,f0globalMean,f0globalSD,avgPauseLength,sound2silenceRatio,totalPauses
0.9544375,257.8568825128783,185.02023163768632,733.3333333333333,17.545454545454547,3
