duration,f0globalMean,f0globalSD,avgPauseLength,sound2silenceRatio,totalPauses
2.358625,126.34654068245467,64.41914936007599,600.0,39.416666666666664,4
