duration,f0globalMean,f0globalSD,avgPauseLength,sound2silenceRatio,totalPauses
9.130875,209.91717201708548,132.58762518825924,521.2121212121211,20.38372093023256,33
