duration,f0globalMean,f0globalSD,avgPauseLength,sound2silenceRatio,totalPauses
3.3943125,220.2899972783234,92.26769098595497,1300.0,52.23076923076923,2
