duration,f0globalMean,f0globalSD,avgPauseLength,sound2silenceRatio,totalPauses
0.6306875,139.7297941521148,74.60432735541696,1200.0,10.583333333333334,2
