duration,f0globalMean,f0globalSD,avgPauseLength,sound2silenceRatio,totalPauses
0.4935,233.62910254735698,76.86914044739368,1200.0,8.333333333333334,2
