duration,f0globalMean,f0globalSD,avgPauseLength,sound2silenceRatio,totalPauses
1.4435625,134.58349411724504,77.39989493986464,750.0,19.133333333333333,4
