duration,f0globalMean,f0globalSD,avgPauseLength,sound2silenceRatio,totalPauses
1.6293125,176.46757883768868,91.83576208894439,566.6666666666666,18.941176470588236,6
