duration,f0globalMean,f0globalSD,avgPauseLength,sound2silenceRatio,totalPauses
2.9023125,230.67558207379352,111.24974400075939,866.6666666666666,44.61538461538461,3
