duration,f0globalMean,f0globalSD,avgPauseLength,sound2silenceRatio,totalPauses
4.0594375,199.54667624885732,111.12399385802875,577.7777777777777,30.73076923076923,9
