duration,f0globalMean,f0globalSD,avgPauseLength,sound2silenceRatio,totalPauses
2.095375,186.74338067034927,125.78309250176162,647.0588235294117,6.8545454545454545,17
