duration,f0globalMean,f0globalSD,avgPauseLength,sound2silenceRatio,totalPauses
1.539625,269.8246261035121,160.4547466883718,666.6666666666666,31.1,3
