duration,f0globalMean,f0globalSD,avgPauseLength,sound2silenceRatio,totalPauses
1.942375,123.5149799576189,69.77528727910558,466.6666666666667,18.095238095238095,9
