duration,f0globalMean,f0globalSD,avgPauseLength,sound2silenceRatio,totalPauses
2.177625,209.5015544626769,151.00296291048141,490.90909090909093,15.62962962962963,11
