duration,f0globalMean,f0globalSD,avgPauseLength,sound2silenceRatio,totalPauses
1.722375,134.5372066760348,83.87872819442187,360.0,18.833333333333332,10
