duration,f0globalMean,f0globalSD,avgPauseLength,sound2silenceRatio,totalPauses
2.5609375,146.03490825942376,82.66989237541263,550.0,46.72727272727273,4
