duration,f0globalMean,f0globalSD,avgPauseLength,sound2silenceRatio,totalPauses
2.2201875,271.5851779187058,179.91510649131283,1200.0,37.083333333333336,2
