duration,f0globalMean,f0globalSD,avgPauseLength,sound2silenceRatio,totalPauses
2.42425,197.09251433024343,132.60468252883973,571.4285714285714,23.9,7
