duration,f0globalMean,f0globalSD,avgPauseLength,sound2silenceRatio,totalPauses
2.3011875,100.33856799759094,59.28802857200007,453.3333333333333,12.911764705882353,15
