duration,f0globalMean,f0globalSD,avgPauseLength,sound2silenceRatio,totalPauses
0.7568125,236.14852267266784,162.59534189710277,733.3333333333333,13.909090909090908,3
