duration,f0globalMean,f0globalSD,avgPauseLength,sound2silenceRatio,totalPauses
2.3438125,225.9828808961566,164.85179866593722,457.1428571428571,29.125,7
