duration,f0globalMean,f0globalSD,avgPauseLength,sound2silenceRatio,totalPauses
1.7748125,246.42708344909443,191.50257753535948,560.0,25.285714285714285,5
