duration,f0globalMean,f0globalSD,avgPauseLength,sound2silenceRatio,totalPauses
1.0228125,195.41445223423446,147.83392229269845,1100.0,18.818181818181817,2
