duration,f0globalMean,f0globalSD,avgPauseLength,sound2silenceRatio,totalPauses
2.2208125,106.25844354581413,61.239035454122885,506.66666666666663,11.026315789473685,15
