duration,f0globalMean,f0globalSD,avgPauseLength,sound2silenceRatio,totalPauses
0.8865,241.2691227209948,177.57698633244027,933.3333333333334,12.571428571428571,3
