duration,f0globalMean,f0globalSD,avgPauseLength,sound2silenceRatio,totalPauses
1.668125,179.83266113392395,95.33995049455812,600.0,27.916666666666668,4
