duration,f0globalMean,f0globalSD,avgPauseLength,sound2silenceRatio,totalPauses
2.051625,225.8216048828401,112.27469864247905,850.0,23.88235294117647,4
