duration,f0globalMean,f0globalSD,avgPauseLength,sound2silenceRatio,totalPauses
0.46975,241.5647932486678,145.28816650353633,720.0,4.944444444444445,5
