duration,f0globalMean,f0globalSD,avgPauseLength,sound2silenceRatio,totalPauses
3.72825,220.7769792545502,130.68515467209969,600.0,35.142857142857146,7
