duration,f0globalMean,f0globalSD,avgPauseLength,sound2silenceRatio,totalPauses
1.155625,200.4936559719706,91.70791742888214,900.0,12.555555555555555,4
