duration,f0globalMean,f0globalSD,avgPauseLength,sound2silenceRatio,totalPauses
1.7138125,196.93545746107347,183.3358845647284,657.1428571428571,14.478260869565217,7
