duration,f0globalMean,f0globalSD,avgPauseLength,sound2silenceRatio,totalPauses
2.2370625,217.17835219520728,109.25874464705959,866.6666666666666,34.38461538461539,3
