duration,f0globalMean,f0globalSD,avgPauseLength,sound2silenceRatio,totalPauses
0.6761875,243.24944960043598,151.7041901369397,1100.0,12.454545454545455,2
