duration,f0globalMean,f0globalSD,avgPauseLength,sound2silenceRatio,totalPauses
0.35375,160.88944747438418,86.41780339920864,1100.0,6.636363636363637,2
