duration,f0globalMean,f0globalSD,avgPauseLength,sound2silenceRatio,totalPauses
3.83575,197.84638530921663,111.21111301704474,622.2222222222222,26.857142857142858,9
