duration,f0globalMean,f0globalSD,avgPauseLength,sound2silenceRatio,totalPauses
7.4235,202.76449241712788,124.08410672461099,536.8421052631579,28.372549019607842,19
