duration,f0globalMean,f0globalSD,avgPauseLength,sound2silenceRatio,totalPauses
2.0604375,159.5865746874875,81.69190465621749,542.8571428571429,21.36842105263158,7
