duration,f0globalMean,f0globalSD,avgPauseLength,sound2silenceRatio,totalPauses
1.4164375,202.71188641355366,111.26247197900585,566.6666666666666,16.41176470588235,6
