duration,f0globalMean,f0globalSD,avgPauseLength,sound2silenceRatio,totalPauses
7.54325,198.5323045203601,148.2792144619455,422.22222222222223,79.10526315789474,9
