duration,f0globalMean,f0globalSD,avgPauseLength,sound2silenceRatio,totalPauses
1.310875,126.53855651973254,75.60382890509943,600.0,12.095238095238095,7
