duration,f0globalMean,f0globalSD,avgPauseLength,sound2silenceRatio,totalPauses
1.498375,141.83725392799718,68.06278173057142,733.3333333333333,27.454545454545453,3
