duration,f0globalMean,f0globalSD,avgPauseLength,sound2silenceRatio,totalPauses
0.7174375,227.91198755472618,112.49444637086832,900.0,16.333333333333332,2
