duration,f0globalMean,f0globalSD,avgPauseLength,sound2silenceRatio,totalPauses
2.1914375,198.3251884735351,117.16425846526522,600.0,29.066666666666666,5
