duration,f0globalMean,f0globalSD,avgPauseLength,sound2silenceRatio,totalPauses
2.6249375,253.59055709503906,153.0501245472731,600.0,34.86666666666667,5
