duration,f0globalMean,f0globalSD,avgPauseLength,sound2silenceRatio,totalPauses
2.3291875,135.96773912214806,47.1139338751122,680.0,27.176470588235293,5
