duration,f0globalMean,f0globalSD,avgPauseLength,sound2silenceRatio,totalPauses
3.3875,109.3469874391475,69.7395418393366,455.55555555555554,15.829268292682928,18
