duration,f0globalMean,f0globalSD,avgPauseLength,sound2silenceRatio,totalPauses
2.33675,225.11955803888773,132.82526399443816,950.0,24.263157894736842,4
