duration,f0globalMean,f0globalSD,avgPauseLength,sound2silenceRatio,totalPauses
1.7951875,222.01048600983447,128.42114272735276,933.3333333333334,25.571428571428573,3
