duration,f0globalMean,f0globalSD,avgPauseLength,sound2silenceRatio,totalPauses
3.1766875,123.83899988658553,70.09510860176084,866.6666666666666,48.84615384615385,3
