duration,f0globalMean,f0globalSD,avgPauseLength,sound2silenceRatio,totalPauses
0.46775,189.7869005671673,148.09843251290198,1200.0,7.916666666666667,2
