duration,f0globalMean,f0globalSD,avgPauseLength,sound2silenceRatio,totalPauses
3.468875,116.13814110627355,77.87137714453621,514.2857142857143,38.27777777777778,7
