duration,f0globalMean,f0globalSD,avgPauseLength,sound2silenceRatio,totalPauses
1.8915,186.41058642083698,122.79632886823437,440.0,16.772727272727273,10
