duration,f0globalMean,f0globalSD,avgPauseLength,sound2silenceRatio,totalPauses
2.1513125,102.26331974661393,73.54075070989664,650.0,33.07692307692308,4
