duration,f0globalMean,f0globalSD,avgPauseLength,sound2silenceRatio,totalPauses
2.358625,294.0636904029504,195.84205473606815,480.0,39.416666666666664,5
