duration,f0globalMean,f0globalSD,avgPauseLength,sound2silenceRatio,totalPauses
2.3538125,173.4878534616588,112.15523205746793,600.0,25.88888888888889,6
