duration,f0globalMean,f0globalSD,avgPauseLength,sound2silenceRatio,totalPauses
1.7649375,167.3854450416485,118.80865496822089,866.6666666666666,27.153846153846153,3
