duration,f0globalMean,f0globalSD,avgPauseLength,sound2silenceRatio,totalPauses
1.1345625,346.71301173927424,149.19502430437493,900.0,25.666666666666668,2
