duration,f0globalMean,f0globalSD,avgPauseLength,sound2silenceRatio,totalPauses
0.46675,222.51489001651424,165.58274716416517,533.3333333333333,12.25,3
