duration,f0globalMean,f0globalSD,avgPauseLength,sound2silenceRatio,totalPauses
0.4965,90.2977489763049,38.59061727096847,800.0,8.333333333333334,3
