duration,f0globalMean,f0globalSD,avgPauseLength,sound2silenceRatio,totalPauses
0.46775,224.5845768500238,81.01518607950378,933.3333333333334,6.642857142857143,3
