duration,f0globalMean,f0globalSD,avgPauseLength,sound2silenceRatio,totalPauses
1.140875,218.67854806504548,95.45170677984022,1100.0,20.90909090909091,2
