duration,f0globalMean,f0globalSD,avgPauseLength,sound2silenceRatio,totalPauses
1.3451875,193.25118363132745,82.97535736638049,850.0,15.588235294117647,4
