duration,f0globalMean,f0globalSD,avgPauseLength,sound2silenceRatio,totalPauses
5.8628125,202.97967164312863,131.63371883479985,505.2631578947368,23.708333333333332,19
