duration,f0globalMean,f0globalSD,avgPauseLength,sound2silenceRatio,totalPauses
3.6934375,208.22181341635437,119.83971129835027,760.0,38.578947368421055,5
