duration,f0globalMean,f0globalSD,avgPauseLength,sound2silenceRatio,totalPauses
0.6369375,211.20073151458826,159.7489113667426,566.6666666666666,7.235294117647059,6
