duration,f0globalMean,f0globalSD,avgPauseLength,sound2silenceRatio,totalPauses
3.921375,187.47334608479122,82.85069294219264,650.0,60.30769230769231,4
