duration,f0globalMean,f0globalSD,avgPauseLength,sound2silenceRatio,totalPauses
2.67575,134.01606494544183,73.2102210328452,680.0,31.235294117647058,5
