duration,f0globalMean,f0globalSD,avgPauseLength,sound2silenceRatio,totalPauses
3.5860625,187.38584801827213,145.5753385911038,360.0,15.222222222222221,25
