duration,f0globalMean,f0globalSD,avgPauseLength,sound2silenceRatio,totalPauses
2.2738125,253.90956157124273,115.72274919985483,566.6666666666666,26.529411764705884,6
