duration,f0globalMean,f0globalSD,avgPauseLength,sound2silenceRatio,totalPauses
2.005,201.85538485914728,124.89444170616719,680.0,23.352941176470587,5
