duration,f0globalMean,f0globalSD,avgPauseLength,sound2silenceRatio,totalPauses
1.276625,197.82808234109768,125.97611524023962,466.6666666666667,18.142857142857142,6
