duration,f0globalMean,f0globalSD,avgPauseLength,sound2silenceRatio,totalPauses
1.8171875,143.5649667233201,42.731709513955145,1333.3333333333333,17.8,3
