duration,f0globalMean,f0globalSD,avgPauseLength,sound2silenceRatio,totalPauses
4.4743125,190.88654835586178,112.23443795407809,846.1538461538462,15.50909090909091,13
