duration,f0globalMean,f0globalSD,avgPauseLength,sound2silenceRatio,totalPauses
1.2755625,187.26691475602732,167.69566076039527,866.6666666666666,19.615384615384617,3
