duration,f0globalMean,f0globalSD,avgPauseLength,sound2silenceRatio,totalPauses
9.1530625,213.78164686338462,140.58193654124088,477.77777777777777,41.883720930232556,18
