duration,f0globalMean,f0globalSD,avgPauseLength,sound2silenceRatio,totalPauses
0.7654375,273.75430089143003,133.82533941247527,1000.0,10.066666666666666,3
