duration,f0globalMean,f0globalSD,avgPauseLength,sound2silenceRatio,totalPauses
3.649375,186.7581966241773,107.23796466687001,742.8571428571429,27.576923076923077,7
