duration,f0globalMean,f0globalSD,avgPauseLength,sound2silenceRatio,totalPauses
14.83625,184.010018367884,109.77940674941908,415.3846153846154,54.18518518518518,26
