duration,f0globalMean,f0globalSD,avgPauseLength,sound2silenceRatio,totalPauses
2.08425,129.23489569941017,87.12210138199066,1300.0,32.07692307692308,2
