duration,f0globalMean,f0globalSD,avgPauseLength,sound2silenceRatio,totalPauses
1.0889375,143.188991064423,68.03442479306455,950.0,11.157894736842104,4
