duration,f0globalMean,f0globalSD,avgPauseLength,sound2silenceRatio,totalPauses
1.2688125,267.07515594445886,159.8924389572671,933.3333333333334,18.071428571428573,3
