duration,f0globalMean,f0globalSD,avgPauseLength,sound2silenceRatio,totalPauses
1.197875,103.96740213442774,56.94442590910759,700.0,11.047619047619047,6
