duration,f0globalMean,f0globalSD,avgPauseLength,sound2silenceRatio,totalPauses
1.487125,124.18910098682088,105.1743062723326,1025.0,6.560975609756097,8
