duration,f0globalMean,f0globalSD,avgPauseLength,sound2silenceRatio,totalPauses
1.988,244.58206287713625,145.9531010104046,1300.0,30.615384615384617,2
