duration,f0globalMean,f0globalSD,avgPauseLength,sound2silenceRatio,totalPauses
0.438125,325.5335703495467,265.61808438240763,466.6666666666667,13.428571428571429,3
