duration,f0globalMean,f0globalSD,avgPauseLength,sound2silenceRatio,totalPauses
2.88375,214.88365329915516,125.88580119590425,1022.2222222222222,11.826086956521738,9
