duration,f0globalMean,f0globalSD,avgPauseLength,sound2silenceRatio,totalPauses
0.6491875,160.1789007416934,90.85895644382191,1200.0,10.916666666666666,2
