duration,f0globalMean,f0globalSD,avgPauseLength,sound2silenceRatio,totalPauses
0.885375,281.7500057331172,163.22037583187668,800.0,14.833333333333334,3
