duration,f0globalMean,f0globalSD,avgPauseLength,sound2silenceRatio,totalPauses
7.21075,196.22636336281536,118.5255051691073,418.18181818181813,62.26086956521739,11
