duration,f0globalMean,f0globalSD,avgPauseLength,sound2silenceRatio,totalPauses
0.94375,190.22223060309577,120.1722486921469,425.0,10.882352941176471,8
