duration,f0globalMean,f0globalSD,avgPauseLength,sound2silenceRatio,totalPauses
0.9915,274.8102307570456,132.00219953518265,1200.0,16.583333333333332,2
