duration,f0globalMean,f0globalSD,avgPauseLength,sound2silenceRatio,totalPauses
3.7938125,181.00101151005023,107.20406216791675,384.61538461538464,29.88,13
