duration,f0globalMean,f0globalSD,avgPauseLength,sound2silenceRatio,totalPauses
3.675875,125.93905742516435,67.93215308071355,676.9230769230769,16.0,13
