duration,f0globalMean,f0globalSD,avgPauseLength,sound2silenceRatio,totalPauses
1.4385,109.54983967999608,72.19558274254447,919.9999999999999,12.08695652173913,5
