duration,f0globalMean,f0globalSD,avgPauseLength,sound2silenceRatio,totalPauses
1.62,115.59737451418583,61.70361186589342,650.0,24.923076923076923,4
