duration,f0globalMean,f0globalSD,avgPauseLength,sound2silenceRatio,totalPauses
0.352,133.59256710827609,98.87926121071914,760.0,3.3684210526315788,5
