duration,f0globalMean,f0globalSD,avgPauseLength,sound2silenceRatio,totalPauses
4.6879375,116.7061887238299,67.47393031142671,487.5,23.384615384615383,16
