duration,f0globalMean,f0globalSD,avgPauseLength,sound2silenceRatio,totalPauses
3.084125,214.59966377782297,132.6337349984625,933.3333333333334,44.0,3
