duration,f0globalMean,f0globalSD,avgPauseLength,sound2silenceRatio,totalPauses
1.60075,184.53469535070127,115.50805661572092,485.71428571428567,18.58823529411765,7
