duration,f0globalMean,f0globalSD,avgPauseLength,sound2silenceRatio,totalPauses
0.5436875,240.83205242999972,193.03458461288068,1300.0,8.384615384615385,2
