duration,f0globalMean,f0globalSD,avgPauseLength,sound2silenceRatio,totalPauses
5.5060625,200.78988916953813,126.43924604745962,600.0,91.83333333333333,4
