duration,f0globalMean,f0globalSD,avgPauseLength,sound2silenceRatio,totalPauses
13.261625,180.78251753228884,117.61848777921222,394.87179487179486,33.61038961038961,39
