duration,f0globalMean,f0globalSD,avgPauseLength,sound2silenceRatio,totalPauses
6.4925,177.2095996782266,121.58325736776032,352.0,28.795454545454547,25
