duration,f0globalMean,f0globalSD,avgPauseLength,sound2silenceRatio,totalPauses
9.091125,197.06837679598746,118.68699989552846,400.0,20.797619047619047,42
