duration,f0globalMean,f0globalSD,avgPauseLength,sound2silenceRatio,totalPauses
2.6111875,87.93380784513232,51.092729599334504,600.0,43.583333333333336,4
