duration,f0globalMean,f0globalSD,avgPauseLength,sound2silenceRatio,totalPauses
1.489,129.98885457683852,57.64824127392049,900.0,16.27777777777778,4
