duration,f0globalMean,f0globalSD,avgPauseLength,sound2silenceRatio,totalPauses
3.1183125,155.07848286105687,102.33213735562312,800.0,52.083333333333336,3
