duration,f0globalMean,f0globalSD,avgPauseLength,sound2silenceRatio,totalPauses
2.5723125,202.96324589438757,113.64169850036804,700.0,36.642857142857146,4
