duration,f0globalMean,f0globalSD,avgPauseLength,sound2silenceRatio,totalPauses
3.411,216.72077290416664,117.31773451885601,933.3333333333334,48.642857142857146,3
