duration,f0globalMean,f0globalSD,avgPauseLength,sound2silenceRatio,totalPauses
7.206,171.35234683655432,111.83376093071406,379.3103448275862,25.436363636363637,29
