duration,f0globalMean,f0globalSD,avgPauseLength,sound2silenceRatio,totalPauses
4.152125,211.3171572996437,131.46016188131713,454.54545454545456,32.72,11
