duration,f0globalMean,f0globalSD,avgPauseLength,sound2silenceRatio,totalPauses
1.582875,181.0704612096549,131.3227943752878,850.0,18.41176470588235,4
