duration,f0globalMean,f0globalSD,avgPauseLength,sound2silenceRatio,totalPauses
0.545125,183.1251865249117,125.963354974515,1300.0,8.384615384615385,2
