duration,f0globalMean,f0globalSD,avgPauseLength,sound2silenceRatio,totalPauses
0.6271875,401.32862886603994,381.43088929691896,866.6666666666666,9.615384615384615,3
