duration,f0globalMean,f0globalSD,avgPauseLength,sound2silenceRatio,totalPauses
4.4579375,193.16576513407531,138.40190270606556,369.2307692307692,11.569444444444445,39
