duration,f0globalMean,f0globalSD,avgPauseLength,sound2silenceRatio,totalPauses
5.63625,193.01868580570493,129.49350455207434,351.7241379310345,21.352941176470587,29
