duration,f0globalMean,f0globalSD,avgPauseLength,sound2silenceRatio,totalPauses
1.5645,93.16839113024587,43.72349931826383,1300.0,24.076923076923077,2
