duration,f0globalMean,f0globalSD,avgPauseLength,sound2silenceRatio,totalPauses
1.598875,135.6437945924437,74.43242619067931,514.2857142857143,17.5,7
