duration,f0globalMean,f0globalSD,avgPauseLength,sound2silenceRatio,totalPauses
1.5244375,138.375641038839,88.77368239638312,600.0,34.333333333333336,3
