duration,f0globalMean,f0globalSD,avgPauseLength,sound2silenceRatio,totalPauses
3.2488125,188.45702193591382,93.86285848163512,866.6666666666666,24.5,6
