duration,f0globalMean,f0globalSD,avgPauseLength,sound2silenceRatio,totalPauses
1.0569375,168.12093700776384,120.06633917246482,1200.0,17.666666666666668,2
