duration,f0globalMean,f0globalSD,avgPauseLength,sound2silenceRatio,totalPauses
1.4560625,219.56599037056702,197.85045324247338,700.0,20.714285714285715,4
