duration,f0globalMean,f0globalSD,avgPauseLength,sound2silenceRatio,totalPauses
3.41375,188.53419300631722,122.3137691053982,433.3333333333333,25.76923076923077,12
