duration,f0globalMean,f0globalSD,avgPauseLength,sound2silenceRatio,totalPauses
1.008,132.31030857803657,77.98441350377536,1100.0,18.545454545454547,2
