duration,f0globalMean,f0globalSD,avgPauseLength,sound2silenceRatio,totalPauses
13.7295625,219.43872516915783,145.77934530319524,679.3103448275862,13.00507614213198,58
