duration,f0globalMean,f0globalSD,avgPauseLength,sound2silenceRatio,totalPauses
1.9415,289.10445163501635,135.88854319939162,450.0,43.55555555555556,4
