duration,f0globalMean,f0globalSD,avgPauseLength,sound2silenceRatio,totalPauses
1.6155,91.54554258345804,62.15364467144619,550.0,29.545454545454547,4
