duration,f0globalMean,f0globalSD,avgPauseLength,sound2silenceRatio,totalPauses
1.531,217.1937326239691,103.08321767508069,300.0,52.166666666666664,4
