duration,f0globalMean,f0globalSD,avgPauseLength,sound2silenceRatio,totalPauses
2.836375,208.30041397541365,132.6797952703485,700.0,40.42857142857143,4
