duration,f0globalMean,f0globalSD,avgPauseLength,sound2silenceRatio,totalPauses
3.3179375,193.8085722008706,111.36436305064029,383.3333333333333,28.434782608695652,12
