duration,f0globalMean,f0globalSD,avgPauseLength,sound2silenceRatio,totalPauses
0.2939375,294.7632324265595,230.87946578685447,1100.0,5.545454545454546,2
