duration,f0globalMean,f0globalSD,avgPauseLength,sound2silenceRatio,totalPauses
1.704375,184.03693367369328,108.22550187775836,900.0,38.333333333333336,2
