duration,f0globalMean,f0globalSD,avgPauseLength,sound2silenceRatio,totalPauses
0.934375,190.62168251577492,96.55148258020965,600.0,15.666666666666666,4
