duration,f0globalMean,f0globalSD,avgPauseLength,sound2silenceRatio,totalPauses
9.2865625,180.79126384514976,104.0420288827264,733.3333333333333,55.666666666666664,9
