duration,f0globalMean,f0globalSD,avgPauseLength,sound2silenceRatio,totalPauses
4.2668125,208.29221362215785,116.55050034325338,966.6666666666666,28.862068965517242,6
