duration,f0globalMean,f0globalSD,avgPauseLength,sound2silenceRatio,totalPauses
1.0736875,143.15880212615716,89.62721564727516,1300.0,16.53846153846154,2
