duration,f0globalMean,f0globalSD,avgPauseLength,sound2silenceRatio,totalPauses
6.7811875,170.17129317726315,123.81688164035678,511.1111111111111,58.52173913043478,9
