duration,f0globalMean,f0globalSD,avgPauseLength,sound2silenceRatio,totalPauses
1.598875,314.4845514573262,125.6525058349621,1333.3333333333333,15.65,3
