duration,f0globalMean,f0globalSD,avgPauseLength,sound2silenceRatio,totalPauses
2.5556875,165.4902124260264,93.84813207159586,750.0,33.93333333333333,4
