duration,f0globalMean,f0globalSD,avgPauseLength,sound2silenceRatio,totalPauses
2.246625,266.60012574055673,123.68786658499359,733.3333333333333,41.0,3
