duration,f0globalMean,f0globalSD,avgPauseLength,sound2silenceRatio,totalPauses
1.7190625,128.9522232519075,90.44650161153754,933.3333333333334,24.5,3
