duration,f0globalMean,f0globalSD,avgPauseLength,sound2silenceRatio,totalPauses
2.282625,277.7814513275775,145.9972957340718,1300.0,35.15384615384615,2
