duration,f0globalMean,f0globalSD,avgPauseLength,sound2silenceRatio,totalPauses
5.036125,189.43482683650933,120.57313438684061,503.7037037037037,14.0,27
