duration,f0globalMean,f0globalSD,avgPauseLength,sound2silenceRatio,totalPauses
6.4004375,183.61957764374148,119.00730340898292,992.8571428571429,8.302158273381295,28
