duration,f0globalMean,f0globalSD,avgPauseLength,sound2silenceRatio,totalPauses
1.831,237.3647187271648,162.85783148236155,900.0,13.037037037037036,6
