duration,f0globalMean,f0globalSD,avgPauseLength,sound2silenceRatio,totalPauses
6.771125,185.90887130153777,106.74176538478507,600.0,90.13333333333334,5
