duration,f0globalMean,f0globalSD,avgPauseLength,sound2silenceRatio,totalPauses
2.4094375,123.7915433766634,61.410591751186494,611.7647058823529,8.51923076923077,17
