duration,f0globalMean,f0globalSD,avgPauseLength,sound2silenceRatio,totalPauses
1.1011875,100.05089796450541,70.98030760827429,566.6666666666666,5.852941176470588,12
