duration,f0globalMean,f0globalSD,avgPauseLength,sound2silenceRatio,totalPauses
3.4045625,116.26768110703527,52.25899656936355,680.0,19.41176470588235,10
