duration,f0globalMean,f0globalSD,avgPauseLength,sound2silenceRatio,totalPauses
7.01525,109.08619293502106,77.05508304829307,490.0,27.897959183673468,20
