duration,f0globalMean,f0globalSD,avgPauseLength,sound2silenceRatio,totalPauses
2.9465625,190.08653059341887,94.51430556481218,700.0,27.666666666666668,6
