duration,f0globalMean,f0globalSD,avgPauseLength,sound2silenceRatio,totalPauses
0.7554375,106.20477229606294,62.833812435574956,760.0,7.631578947368421,5
