duration,f0globalMean,f0globalSD,avgPauseLength,sound2silenceRatio,totalPauses
1.9363125,225.45127695078958,98.41396018020532,560.0,27.571428571428573,5
