duration,f0globalMean,f0globalSD,avgPauseLength,sound2silenceRatio,totalPauses
1.6190625,125.97447703693727,96.51489753438028,725.0,10.620689655172415,8
