duration,f0globalMean,f0globalSD,avgPauseLength,sound2silenceRatio,totalPauses
0.523375,238.19282893662512,188.9111955443749,542.8571428571429,5.2105263157894735,7
