duration,f0globalMean,f0globalSD,avgPauseLength,sound2silenceRatio,totalPauses
0.423875,209.49396504840047,149.06120368284618,733.3333333333333,7.909090909090909,3
