duration,f0globalMean,f0globalSD,avgPauseLength,sound2silenceRatio,totalPauses
2.2680625,185.36819820571299,129.48390074223292,371.42857142857144,34.92307692307692,7
