duration,f0globalMean,f0globalSD,avgPauseLength,sound2silenceRatio,totalPauses
0.419375,183.3277861553672,92.68124089491744,1500.0,5.466666666666667,2
