duration,f0globalMean,f0globalSD,avgPauseLength,sound2silenceRatio,totalPauses
0.733625,275.76581968860614,204.3731642453881,733.3333333333333,13.545454545454545,3
