duration,f0globalMean,f0globalSD,avgPauseLength,sound2silenceRatio,totalPauses
0.9814375,173.54005769360208,89.61889792928567,1200.0,16.416666666666668,2
