duration,f0globalMean,f0globalSD,avgPauseLength,sound2silenceRatio,totalPauses
1.87325,163.9163227456457,106.7932729930042,1333.3333333333333,18.4,3
