duration,f0globalMean,f0globalSD,avgPauseLength,sound2silenceRatio,totalPauses
0.4434375,209.14553605131513,91.03861482842183,866.6666666666666,6.846153846153846,3
