duration,f0globalMean,f0globalSD,avgPauseLength,sound2silenceRatio,totalPauses
0.7275625,191.38628399937477,132.5908257879089,1200.0,7.833333333333333,3
