duration,f0globalMean,f0globalSD,avgPauseLength,sound2silenceRatio,totalPauses
0.24025,159.1394294623347,130.71278597155938,1200.0,4.083333333333333,2
