duration,f0globalMean,f0globalSD,avgPauseLength,sound2silenceRatio,totalPauses
2.5926875,286.8921376443678,162.63512907554505,1200.0,28.555555555555557,3
