duration,f0globalMean,f0globalSD,avgPauseLength,sound2silenceRatio,totalPauses
1.6240625,236.5411159306292,151.83509395151046,1100.0,29.727272727272727,2
