duration,f0globalMean,f0globalSD,avgPauseLength,sound2silenceRatio,totalPauses
2.464125,189.12530490690705,84.42440204149882,700.0,23.095238095238095,6
