duration,f0globalMean,f0globalSD,avgPauseLength,sound2silenceRatio,totalPauses
1.5604375,211.11809853237241,143.2044848494443,1733.3333333333333,11.5,3
