duration,f0globalMean,f0globalSD,avgPauseLength,sound2silenceRatio,totalPauses
0.6109375,328.0428132058019,130.44337259715033,733.3333333333333,11.272727272727273,3
