duration,f0globalMean,f0globalSD,avgPauseLength,sound2silenceRatio,totalPauses
0.490375,157.77925223229823,91.31378973829892,900.0,5.166666666666667,4
