duration,f0globalMean,f0globalSD,avgPauseLength,sound2silenceRatio,totalPauses
1.896375,240.23883474891394,165.5915403649822,450.0,20.77777777777778,8
