duration,f0globalMean,f0globalSD,avgPauseLength,sound2silenceRatio,totalPauses
3.6321875,232.25086805953666,125.95719936017564,600.0,40.05555555555556,6
