duration,f0globalMean,f0globalSD,avgPauseLength,sound2silenceRatio,totalPauses
1.160875,227.5676929508253,163.3005073762125,1200.0,19.416666666666668,2
