duration,f0globalMean,f0globalSD,avgPauseLength,sound2silenceRatio,totalPauses
0.3286875,219.5536526884223,140.05637189894912,1300.0,5.076923076923077,2
