duration,f0globalMean,f0globalSD,avgPauseLength,sound2silenceRatio,totalPauses
13.7745625,202.9409641774693,129.85553317943848,378.9473684210526,75.88888888888889,19
