duration,f0globalMean,f0globalSD,avgPauseLength,sound2silenceRatio,totalPauses
2.141,247.86126349802228,99.25310419264868,866.6666666666666,32.92307692307692,3
