duration,f0globalMean,f0globalSD,avgPauseLength,sound2silenceRatio,totalPauses
1.281625,241.8694128660536,119.70902813030165,866.6666666666666,19.692307692307693,3
