duration,f0globalMean,f0globalSD,avgPauseLength,sound2silenceRatio,totalPauses
3.036125,104.19756531924214,65.05872811968057,600.0,21.962962962962962,9
