duration,f0globalMean,f0globalSD,avgPauseLength,sound2silenceRatio,totalPauses
8.963375,184.97047365239345,110.80038582042135,466.6666666666667,85.0,9
