duration,f0globalMean,f0globalSD,avgPauseLength,sound2silenceRatio,totalPauses
8.5813125,89.90598148907868,62.687531531465545,370.0,22.364864864864863,40
