duration,f0globalMean,f0globalSD,avgPauseLength,sound2silenceRatio,totalPauses
3.8449375,205.0133301236138,115.16056083623917,760.0,40.1578947368421,5
