duration,f0globalMean,f0globalSD,avgPauseLength,sound2silenceRatio,totalPauses
0.49325,173.17773565699875,115.93985015056857,1300.0,7.615384615384615,2
