duration,f0globalMean,f0globalSD,avgPauseLength,sound2silenceRatio,totalPauses
1.303125,198.91934441269044,85.37665105033568,1300.0,20.076923076923077,2
