duration,f0globalMean,f0globalSD,avgPauseLength,sound2silenceRatio,totalPauses
7.613625,194.0541141638612,111.66123956804344,527.2727272727273,51.96551724137931,11
