duration,f0globalMean,f0globalSD,avgPauseLength,sound2silenceRatio,totalPauses
2.168375,100.031764687459,69.12794588695556,435.2941176470588,11.08108108108108,17
