duration,f0globalMean,f0globalSD,avgPauseLength,sound2silenceRatio,totalPauses
4.739375,138.3877977374947,83.39243179344345,677.7777777777777,14.754098360655737,18
