duration,f0globalMean,f0globalSD,avgPauseLength,sound2silenceRatio,totalPauses
2.611125,191.09264890983124,119.00713840238404,422.22222222222223,13.078947368421053,18
