duration,f0globalMean,f0globalSD,avgPauseLength,sound2silenceRatio,totalPauses
11.34725,198.86827154702212,128.12004579335917,600.0,68.15151515151516,11
