duration,f0globalMean,f0globalSD,avgPauseLength,sound2silenceRatio,totalPauses
1.746625,142.27219408251406,114.17507839319356,600.0,29.166666666666668,4
