duration,f0globalMean,f0globalSD,avgPauseLength,sound2silenceRatio,totalPauses
0.320375,118.85604469544808,85.40492463690966,933.3333333333334,4.5,3
