duration,f0globalMean,f0globalSD,avgPauseLength,sound2silenceRatio,totalPauses
0.376,214.37516134236768,183.90840611461803,1466.6666666666665,3.0,3
