duration,f0globalMean,f0globalSD,avgPauseLength,sound2silenceRatio,totalPauses
0.767,77.70226093375541,59.61307997260959,550.0,14.090909090909092,4
