duration,f0globalMean,f0globalSD,avgPauseLength,sound2silenceRatio,totalPauses
1.86325,126.00021098415333,52.03374404143338,1300.0,28.692307692307693,2
