duration,f0globalMean,f0globalSD,avgPauseLength,sound2silenceRatio,totalPauses
0.393625,142.8788599752781,73.17240818787478,866.6666666666666,6.076923076923077,3
