duration,f0globalMean,f0globalSD,avgPauseLength,sound2silenceRatio,totalPauses
0.86225,208.3049916511138,100.02386345791685,1200.0,9.277777777777779,3
