duration,f0globalMean,f0globalSD,avgPauseLength,sound2silenceRatio,totalPauses
9.5835,176.31535556926565,118.6013951352359,323.3333333333333,18.896907216494846,60
