duration,f0globalMean,f0globalSD,avgPauseLength,sound2silenceRatio,totalPauses
3.6321875,225.82168893058306,87.27243031280145,700.0,51.785714285714285,4
