duration,f0globalMean,f0globalSD,avgPauseLength,sound2silenceRatio,totalPauses
1.8221875,98.18084001618155,57.46190405974145,516.6666666666666,11.161290322580646,12
