duration,f0globalMean,f0globalSD,avgPauseLength,sound2silenceRatio,totalPauses
0.318875,83.14205049532967,37.02265375134247,600.0,7.555555555555555,3
