duration,f0globalMean,f0globalSD,avgPauseLength,sound2silenceRatio,totalPauses
0.4485625,136.70833862579312,105.12794518872084,1000.0,5.866666666666666,3
