duration,f0globalMean,f0globalSD,avgPauseLength,sound2silenceRatio,totalPauses
5.7055625,198.97970949033513,119.63191203938261,550.0,103.9090909090909,4
