duration,f0globalMean,f0globalSD,avgPauseLength,sound2silenceRatio,totalPauses
13.7245,187.3614474678307,126.7454711564882,360.9756097560976,36.270270270270274,41
