duration,f0globalMean,f0globalSD,avgPauseLength,sound2silenceRatio,totalPauses
1.91325,237.39537938808544,110.43420133694515,1300.0,29.46153846153846,2
