duration,f0globalMean,f0globalSD,avgPauseLength,sound2silenceRatio,totalPauses
2.1089375,192.82530909016296,112.2066366786241,600.0,23.166666666666668,6
