duration,f0globalMean,f0globalSD,avgPauseLength,sound2silenceRatio,totalPauses
8.8375,255.54679072624805,119.32971793946525,550.0,160.8181818181818,4
