duration,f0globalMean,f0globalSD,avgPauseLength,sound2silenceRatio,totalPauses
1.81775,234.64592160829014,141.26929130267487,800.0,30.416666666666668,3
