duration,f0globalMean,f0globalSD,avgPauseLength,sound2silenceRatio,totalPauses
2.934625,130.44709319564538,67.73716469393047,450.0,65.66666666666667,4
