duration,f0globalMean,f0globalSD,avgPauseLength,sound2silenceRatio,totalPauses
0.5246875,70.87693436782968,40.5842397083765,680.0,5.9411764705882355,5
