duration,f0globalMean,f0globalSD,avgPauseLength,sound2silenceRatio,totalPauses
2.2211875,195.29443444188644,117.67121473530503,1400.0,31.642857142857142,2
