duration,f0globalMean,f0globalSD,avgPauseLength,sound2silenceRatio,totalPauses
3.223375,161.31916757038076,105.2628025091557,377.77777777777777,18.352941176470587,18
