duration,f0globalMean,f0globalSD,avgPauseLength,sound2silenceRatio,totalPauses
0.393625,196.00399945985535,122.4042869873135,900.0,9.222222222222221,2
