duration,f0globalMean,f0globalSD,avgPauseLength,sound2silenceRatio,totalPauses
4.6750625,188.7688956953545,114.5832416023335,550.0,42.09090909090909,8
