duration,f0globalMean,f0globalSD,avgPauseLength,sound2silenceRatio,totalPauses
2.569375,273.53546440317103,169.178114928619,520.0,39.53846153846154,5
