duration,f0globalMean,f0globalSD,avgPauseLength,sound2silenceRatio,totalPauses
6.917125,231.14807970969665,131.2340402521002,600.0,154.11111111111111,3
