duration,f0globalMean,f0globalSD,avgPauseLength,sound2silenceRatio,totalPauses
9.306,219.45063781148008,130.69039553812422,1283.3333333333333,23.337662337662337,12
