duration,f0globalMean,f0globalSD,avgPauseLength,sound2silenceRatio,totalPauses
0.5078125,177.34556309540812,122.74661545365674,1100.0,9.454545454545455,2
