duration,f0globalMean,f0globalSD,avgPauseLength,sound2silenceRatio,totalPauses
13.902375,214.95002986119047,125.61908639376092,300.0,154.16666666666666,12
