duration,f0globalMean,f0globalSD,avgPauseLength,sound2silenceRatio,totalPauses
0.43575,249.5891441056515,194.22302857231648,600.0,5.666666666666667,5
