duration,f0globalMean,f0globalSD,avgPauseLength,sound2silenceRatio,totalPauses
1.0116875,238.65005898132318,181.06087073385746,900.0,22.88888888888889,2
