duration,f0globalMean,f0globalSD,avgPauseLength,sound2silenceRatio,totalPauses
2.438625,166.98939321681837,86.06070643217886,685.7142857142857,19.875,7
