duration,f0globalMean,f0globalSD,avgPauseLength,sound2silenceRatio,totalPauses
2.8120625,240.92262314243953,131.5046115820324,533.3333333333333,34.9375,6
