duration,f0globalMean,f0globalSD,avgPauseLength,sound2silenceRatio,totalPauses
3.76725,233.3325472135653,152.51845613187976,416.6666666666667,29.64,12
