duration,f0globalMean,f0globalSD,avgPauseLength,sound2silenceRatio,totalPauses
2.033625,103.4633439959318,40.75097357670902,771.4285714285714,14.555555555555555,7
