duration,f0globalMean,f0globalSD,avgPauseLength,sound2silenceRatio,totalPauses
1.6219375,125.14992424946803,95.225378997835,866.6666666666666,24.923076923076923,3
