duration,f0globalMean,f0globalSD,avgPauseLength,sound2silenceRatio,totalPauses
5.016125,132.68472685230364,79.16594957523968,677.7777777777777,15.655737704918034,18
