duration,f0globalMean,f0globalSD,avgPauseLength,sound2silenceRatio,totalPauses
2.1374375,179.19033621394058,102.66031325964619,1200.0,35.666666666666664,2
