duration,f0globalMean,f0globalSD,avgPauseLength,sound2silenceRatio,totalPauses
2.856875,165.80267417187878,100.7734686033251,533.3333333333333,23.333333333333332,9
