duration,f0globalMean,f0globalSD,avgPauseLength,sound2silenceRatio,totalPauses
1.60725,236.4590767648823,160.9810891426993,755.5555555555555,8.823529411764707,9
