duration,f0globalMean,f0globalSD,avgPauseLength,sound2silenceRatio,totalPauses
1.6844375,151.7600456389636,76.57173422357238,1300.0,25.923076923076923,2
