duration,f0globalMean,f0globalSD,avgPauseLength,sound2silenceRatio,totalPauses
1.9763125,245.27594143105804,138.30016610799768,1133.3333333333333,23.0,3
