duration,f0globalMean,f0globalSD,avgPauseLength,sound2silenceRatio,totalPauses
6.8906875,186.43779497349604,132.32263797987972,560.0,98.35714285714286,5
