duration,f0globalMean,f0globalSD,avgPauseLength,sound2silenceRatio,totalPauses
5.1398125,169.74145761243173,114.16574913678814,442.8571428571429,15.790322580645162,28
