duration,f0globalMean,f0globalSD,avgPauseLength,sound2silenceRatio,totalPauses
1.26125,261.39688378858955,184.08494748241264,733.3333333333333,23.09090909090909,3
