duration,f0globalMean,f0globalSD,avgPauseLength,sound2silenceRatio,totalPauses
0.298,111.45103088649196,72.45217353172912,733.3333333333333,5.636363636363637,3
