duration,f0globalMean,f0globalSD,avgPauseLength,sound2silenceRatio,totalPauses
1.8441875,131.93269265931,62.627076408849184,666.6666666666666,18.1,6
