duration,f0globalMean,f0globalSD,avgPauseLength,sound2silenceRatio,totalPauses
3.139625,212.7147509464456,124.99615476911484,700.0,44.785714285714285,4
