duration,f0globalMean,f0globalSD,avgPauseLength,sound2silenceRatio,totalPauses
2.0384375,247.69849493583078,104.47671423564405,1300.0,31.384615384615383,2
