duration,f0globalMean,f0globalSD,avgPauseLength,sound2silenceRatio,totalPauses
6.7470625,174.62909775190334,121.45036733464131,387.5,42.935483870967744,16
