duration,f0globalMean,f0globalSD,avgPauseLength,sound2silenceRatio,totalPauses
0.36925,203.53815839370984,125.40234585295114,1100.0,6.909090909090909,2
