duration,f0globalMean,f0globalSD,avgPauseLength,sound2silenceRatio,totalPauses
1.1745,248.37719186206957,128.20140877124268,1500.0,15.533333333333333,2
