duration,f0globalMean,f0globalSD,avgPauseLength,sound2silenceRatio,totalPauses
3.6063125,184.2565503358977,90.47375739344191,480.0,29.583333333333332,10
