duration,f0globalMean,f0globalSD,avgPauseLength,sound2silenceRatio,totalPauses
1.69425,173.62245293261608,102.18628861382123,833.3333333333334,13.08,6
