duration,f0globalMean,f0globalSD,avgPauseLength,sound2silenceRatio,totalPauses
5.291625,187.3395864722641,125.77077947634106,553.8461538461538,28.75,13
