duration,f0globalMean,f0globalSD,avgPauseLength,sound2silenceRatio,totalPauses
0.516125,261.66738572351716,174.67323926318122,600.0,5.444444444444445,6
