duration,f0globalMean,f0globalSD,avgPauseLength,sound2silenceRatio,totalPauses
1.5883125,194.59934466031171,108.79059128049256,750.0,21.066666666666666,4
