duration,f0globalMean,f0globalSD,avgPauseLength,sound2silenceRatio,totalPauses
3.7095625,172.69172046459013,109.55865290290336,500.0,20.571428571428573,14
