duration,f0globalMean,f0globalSD,avgPauseLength,sound2silenceRatio,totalPauses
8.2675,173.17498307107297,111.9352853700585,468.18181818181813,15.174757281553399,44
