duration,f0globalMean,f0globalSD,avgPauseLength,sound2silenceRatio,totalPauses
1.06725,288.4358905712176,200.0482550310785,1500.0,14.066666666666666,2
