duration,f0globalMean,f0globalSD,avgPauseLength,sound2silenceRatio,totalPauses
0.6028125,170.65111072711747,84.50372211121746,1300.0,9.307692307692308,2
