duration,f0globalMean,f0globalSD,avgPauseLength,sound2silenceRatio,totalPauses
5.7239375,195.2391895393795,137.0053266738234,585.0,8.897435897435898,40
