duration,f0globalMean,f0globalSD,avgPauseLength,sound2silenceRatio,totalPauses
1.49425,119.63677722872028,26.588944383107766,1066.6666666666665,18.5,3
