duration,f0globalMean,f0globalSD,avgPauseLength,sound2silenceRatio,totalPauses
1.3601875,251.33782246073736,141.0198604406698,533.3333333333333,34.625,3
