duration,f0globalMean,f0globalSD,avgPauseLength,sound2silenceRatio,totalPauses
1.8580625,226.2447441049094,147.54388667049196,1066.6666666666665,23.0625,3
