duration,f0globalMean,f0globalSD,avgPauseLength,sound2silenceRatio,totalPauses
0.6669375,165.74359509678672,111.52385830109789,628.5714285714286,5.636363636363637,7
