duration,f0globalMean,f0globalSD,avgPauseLength,sound2silenceRatio,totalPauses
1.003,219.22479780834036,142.3825374559675,1200.0,16.833333333333332,2
