duration,f0globalMean,f0globalSD,avgPauseLength,sound2silenceRatio,totalPauses
6.7975,90.19234892355742,55.813116219098475,618.1818181818181,9.088235294117647,44
