duration,f0globalMean,f0globalSD,avgPauseLength,sound2silenceRatio,totalPauses
1.7319375,124.65786795502106,65.13516812911942,600.0,13.958333333333334,8
