duration,f0globalMean,f0globalSD,avgPauseLength,sound2silenceRatio,totalPauses
2.2625,169.69924998779072,109.20165527407346,733.3333333333333,41.27272727272727,3
