duration,f0globalMean,f0globalSD,avgPauseLength,sound2silenceRatio,totalPauses
3.0990625,217.14756989641353,123.36373027020097,633.3333333333333,32.31578947368421,6
