duration,f0globalMean,f0globalSD,avgPauseLength,sound2silenceRatio,totalPauses
2.48025,109.47125715700987,58.21155259021273,900.0,55.55555555555556,2
