duration,f0globalMean,f0globalSD,avgPauseLength,sound2silenceRatio,totalPauses
10.048625,136.94471711517096,81.43165935503865,550.0,60.303030303030305,12
