duration,f0globalMean,f0globalSD,avgPauseLength,sound2silenceRatio,totalPauses
1.5835,166.7370348706976,122.43732831918223,1300.0,24.384615384615383,2
