duration,f0globalMean,f0globalSD,avgPauseLength,sound2silenceRatio,totalPauses
4.352375,186.84428592303664,123.76042483400882,566.6666666666666,50.94117647058823,6
