duration,f0globalMean,f0globalSD,avgPauseLength,sound2silenceRatio,totalPauses
1.2173125,211.73696855800245,97.34256764131094,1200.0,20.333333333333332,2
