duration,f0globalMean,f0globalSD,avgPauseLength,sound2silenceRatio,totalPauses
0.469,177.74066732011167,87.70295288239024,1100.0,8.727272727272727,2
