duration,f0globalMean,f0globalSD,avgPauseLength,sound2silenceRatio,totalPauses
2.139375,203.04438373044314,86.88934599949418,933.3333333333334,30.5,3
