duration,f0globalMean,f0globalSD,avgPauseLength,sound2silenceRatio,totalPauses
0.6921875,241.05726552575914,177.98986115457896,1200.0,11.583333333333334,2
