duration,f0globalMean,f0globalSD,avgPauseLength,sound2silenceRatio,totalPauses
0.227125,181.20330365806032,103.85914316000674,300.0,18.333333333333332,2
