duration,f0globalMean,f0globalSD,avgPauseLength,sound2silenceRatio,totalPauses
5.509,130.33079548931278,71.75224652466336,745.4545454545454,26.195121951219512,11
