duration,f0globalMean,f0globalSD,avgPauseLength,sound2silenceRatio,totalPauses
0.55975,246.47250459981134,165.8898429105284,1300.0,8.615384615384615,2
