duration,f0globalMean,f0globalSD,avgPauseLength,sound2silenceRatio,totalPauses
0.5079375,233.18681051736266,135.71571467338038,866.6666666666666,7.846153846153846,3
