duration,f0globalMean,f0globalSD,avgPauseLength,sound2silenceRatio,totalPauses
3.0493125,179.77958470495432,98.04525139092918,866.6666666666666,46.92307692307692,3
