duration,f0globalMean,f0globalSD,avgPauseLength,sound2silenceRatio,totalPauses
4.2790625,99.06134119099832,71.23727194878988,525.0,40.38095238095238,8
