duration,f0globalMean,f0globalSD,avgPauseLength,sound2silenceRatio,totalPauses
3.806625,179.27571809148037,119.27150684250714,523.0769230769231,21.764705882352942,13
