duration,f0globalMean,f0globalSD,avgPauseLength,sound2silenceRatio,totalPauses
1.1879375,138.5359463423274,107.03380155184054,600.0,12.944444444444445,6
