duration,f0globalMean,f0globalSD,avgPauseLength,sound2silenceRatio,totalPauses
7.967125,203.20349098642595,133.55567446494334,457.1428571428571,99.375,7
