duration,f0globalMean,f0globalSD,avgPauseLength,sound2silenceRatio,totalPauses
6.57825,186.9344853100685,112.74482754652024,436.3636363636363,26.6875,22
