duration,f0globalMean,f0globalSD,avgPauseLength,sound2silenceRatio,totalPauses
1.3914375,160.86824128446787,96.01535993542612,800.0,9.392857142857142,7
