duration,f0globalMean,f0globalSD,avgPauseLength,sound2silenceRatio,totalPauses
1.8770625,225.02397393472833,90.97568385047579,440.0,16.636363636363637,10
