duration,f0globalMean,f0globalSD,avgPauseLength,sound2silenceRatio,totalPauses
2.9981875,202.10376154991016,107.88775335608054,733.3333333333333,54.72727272727273,3
