duration,f0globalMean,f0globalSD,avgPauseLength,sound2silenceRatio,totalPauses
2.2185,239.38649255472055,171.05947681041513,600.0,20.761904761904763,7
