duration,f0globalMean,f0globalSD,avgPauseLength,sound2silenceRatio,totalPauses
2.7479375,124.54014707732082,53.658622020483726,400.0,24.59090909090909,11
