duration,f0globalMean,f0globalSD,avgPauseLength,sound2silenceRatio,totalPauses
1.87825,93.35983292034902,47.05327150475167,646.1538461538462,8.261904761904763,13
