duration,f0globalMean,f0globalSD,avgPauseLength,sound2silenceRatio,totalPauses
1.2325625,195.72560708729495,136.71395394512828,933.3333333333334,17.571428571428573,3
