duration,f0globalMean,f0globalSD,avgPauseLength,sound2silenceRatio,totalPauses
2.556125,188.78150456810056,111.36669270663691,1200.0,28.11111111111111,3
