duration,f0globalMean,f0globalSD,avgPauseLength,sound2silenceRatio,totalPauses
2.5926875,190.02214135660273,100.69602941207367,425.0,30.294117647058822,8
