duration,f0globalMean,f0globalSD,avgPauseLength,sound2silenceRatio,totalPauses
0.563,226.49807092465628,186.73572845002113,1100.0,10.454545454545455,2
