duration,f0globalMean,f0globalSD,avgPauseLength,sound2silenceRatio,totalPauses
1.1768125,266.0930986742303,131.0439594763069,933.3333333333334,16.714285714285715,3
