duration,f0globalMean,f0globalSD,avgPauseLength,sound2silenceRatio,totalPauses
0.540375,125.63551273913252,57.806166406551775,1266.6666666666665,5.368421052631579,3
