duration,f0globalMean,f0globalSD,avgPauseLength,sound2silenceRatio,totalPauses
0.2960625,219.14569008879062,107.56480846187695,850.0,3.235294117647059,4
