duration,f0globalMean,f0globalSD,avgPauseLength,sound2silenceRatio,totalPauses
1.5580625,126.77959475520412,80.52504648968919,600.0,26.083333333333332,4
