duration,f0globalMean,f0globalSD,avgPauseLength,sound2silenceRatio,totalPauses
0.3686875,220.82907146063312,130.9318654278121,1300.0,5.6923076923076925,2
