duration,f0globalMean,f0globalSD,avgPauseLength,sound2silenceRatio,totalPauses
3.2839375,200.46712997097737,139.99601760494113,650.0,50.53846153846154,4
