duration,f0globalMean,f0globalSD,avgPauseLength,sound2silenceRatio,totalPauses
1.0516875,192.91402029866074,103.38888689519031,1200.0,17.583333333333332,2
