duration,f0globalMean,f0globalSD,avgPauseLength,sound2silenceRatio,totalPauses
0.9675625,195.26251952388543,168.62584039922794,680.0,5.088235294117647,10
