duration,f0globalMean,f0globalSD,avgPauseLength,sound2silenceRatio,totalPauses
1.26175,109.5941248957031,59.490692609207336,720.0,13.722222222222221,5
