duration,f0globalMean,f0globalSD,avgPauseLength,sound2silenceRatio,totalPauses
4.628875,114.1729524570197,82.34432876180647,584.6153846153845,23.710526315789473,13
