duration,f0globalMean,f0globalSD,avgPauseLength,sound2silenceRatio,totalPauses
2.7468125,227.91793142744714,155.80212092349586,650.0,42.23076923076923,4
