duration,f0globalMean,f0globalSD,avgPauseLength,sound2silenceRatio,totalPauses
2.67575,255.00338386590187,157.91731043980596,800.0,44.666666666666664,3
