duration,f0globalMean,f0globalSD,avgPauseLength,sound2silenceRatio,totalPauses
1.0451875,305.90051475843535,215.18758044326879,1100.0,19.181818181818183,2
