duration,f0globalMean,f0globalSD,avgPauseLength,sound2silenceRatio,totalPauses
1.3034375,172.09096247741547,123.5038711991824,600.0,29.444444444444443,3
