duration,f0globalMean,f0globalSD,avgPauseLength,sound2silenceRatio,totalPauses
0.912625,119.12124723399197,82.08817635531598,1000.0,12.066666666666666,3
