duration,f0globalMean,f0globalSD,avgPauseLength,sound2silenceRatio,totalPauses
2.2121875,179.42579506554213,105.57498929486621,550.0,40.36363636363637,4
