duration,f0globalMean,f0globalSD,avgPauseLength,sound2silenceRatio,totalPauses
2.1475625,214.37940659879703,149.42676398954754,500.0,28.533333333333335,6
