duration,f0globalMean,f0globalSD,avgPauseLength,sound2silenceRatio,totalPauses
0.9698125,177.81851946676235,113.35866954760412,1100.0,17.818181818181817,2
