duration,f0globalMean,f0globalSD,avgPauseLength,sound2silenceRatio,totalPauses
0.6786875,245.38046574129805,122.5851449699712,800.0,11.416666666666666,3
