duration,f0globalMean,f0globalSD,avgPauseLength,sound2silenceRatio,totalPauses
0.668875,247.54998105400463,166.35497266837993,1300.0,10.307692307692308,2
