duration,f0globalMean,f0globalSD,avgPauseLength,sound2silenceRatio,totalPauses
4.245,246.6944397860714,138.35043408331828,400.0,34.916666666666664,12
