duration,f0globalMean,f0globalSD,avgPauseLength,sound2silenceRatio,totalPauses
5.9993125,225.64509540419036,118.83306393540092,1300.0,92.3076923076923,2
