duration,f0globalMean,f0globalSD,avgPauseLength,sound2silenceRatio,totalPauses
2.9425625,207.2886616433484,92.96022889710657,833.3333333333334,23.08,6
