duration,f0globalMean,f0globalSD,avgPauseLength,sound2silenceRatio,totalPauses
1.1409375,210.8393851965378,130.46509363248705,1200.0,19.083333333333332,2
