duration,f0globalMean,f0globalSD,avgPauseLength,sound2silenceRatio,totalPauses
3.8976875,145.01860428090058,101.40893367158561,506.66666666666663,19.86842105263158,15
