duration,f0globalMean,f0globalSD,avgPauseLength,sound2silenceRatio,totalPauses
1.0516875,197.96657049100358,150.18478476977478,866.6666666666666,16.153846153846153,3
