duration,f0globalMean,f0globalSD,avgPauseLength,sound2silenceRatio,totalPauses
1.638875,206.85834789904033,90.65285045137934,1300.0,25.23076923076923,2
