duration,f0globalMean,f0globalSD,avgPauseLength,sound2silenceRatio,totalPauses
1.463,119.21211861362715,79.55838969333696,520.0,22.53846153846154,5
