duration,f0globalMean,f0globalSD,avgPauseLength,sound2silenceRatio,totalPauses
0.6258125,236.5163053904092,167.20580332883335,900.0,14.333333333333334,2
