duration,f0globalMean,f0globalSD,avgPauseLength,sound2silenceRatio,totalPauses
1.6461875,147.6760119498235,96.6971634942784,700.0,23.428571428571427,4
