duration,f0globalMean,f0globalSD,avgPauseLength,sound2silenceRatio,totalPauses
0.735,130.86895346672566,94.33698895932312,650.0,11.307692307692308,4
