duration,f0globalMean,f0globalSD,avgPauseLength,sound2silenceRatio,totalPauses
0.8253125,138.5499334015081,87.2216692247007,1200.0,13.833333333333334,2
