duration,f0globalMean,f0globalSD,avgPauseLength,sound2silenceRatio,totalPauses
0.7589375,330.8273628377545,248.767072017426,520.0,11.692307692307692,5
