duration,f0globalMean,f0globalSD,avgPauseLength,sound2silenceRatio,totalPauses
2.1744375,229.18441279471054,90.05478119540993,1300.0,33.46153846153846,2
