duration,f0globalMean,f0globalSD,avgPauseLength,sound2silenceRatio,totalPauses
15.4519375,179.9529228260426,113.91826293348855,260.0,78.56410256410257,30
