duration,f0globalMean,f0globalSD,avgPauseLength,sound2silenceRatio,totalPauses
0.38625,133.24669558108147,103.7763607110285,520.0,5.923076923076923,5
