duration,f0globalMean,f0globalSD,avgPauseLength,sound2silenceRatio,totalPauses
1.3484375,113.43933027560762,52.43936443513778,950.0,13.894736842105264,4
