duration,f0globalMean,f0globalSD,avgPauseLength,sound2silenceRatio,totalPauses
6.541125,191.87328492346825,101.82414662185506,560.0,93.35714285714286,5
