duration,f0globalMean,f0globalSD,avgPauseLength,sound2silenceRatio,totalPauses
8.774125,197.43786469750995,126.58601473598635,1183.7837837837837,7.073059360730594,37
