duration,f0globalMean,f0globalSD,avgPauseLength,sound2silenceRatio,totalPauses
1.3850625,233.0627720522788,109.51251128257309,1200.0,23.166666666666668,2
