duration,f0globalMean,f0globalSD,avgPauseLength,sound2silenceRatio,totalPauses
1.2888125,216.56094645615656,118.94972611400975,750.0,17.066666666666666,4
