duration,f0globalMean,f0globalSD,avgPauseLength,sound2silenceRatio,totalPauses
2.79925,263.7360903848249,160.7892228550573,733.3333333333333,51.09090909090909,3
