duration,f0globalMean,f0globalSD,avgPauseLength,sound2silenceRatio,totalPauses
0.3286875,142.85445279654584,93.08577381675919,1300.0,5.076923076923077,2
