duration,f0globalMean,f0globalSD,avgPauseLength,sound2silenceRatio,totalPauses
1.753375,171.15479542803536,105.60430598274496,950.0,18.157894736842106,4
