duration,f0globalMean,f0globalSD,avgPauseLength,sound2silenceRatio,totalPauses
3.5298125,181.28096201105384,90.38163056519716,523.0769230769231,20.147058823529413,13
