duration,f0globalMean,f0globalSD,avgPauseLength,sound2silenceRatio,totalPauses
2.06275,256.66867663216186,134.86049525163025,866.6666666666666,31.76923076923077,3
