duration,f0globalMean,f0globalSD,avgPauseLength,sound2silenceRatio,totalPauses
3.637125,204.0804469338376,131.7705695404712,720.0,40.111111111111114,5
