duration,f0globalMean,f0globalSD,avgPauseLength,sound2silenceRatio,totalPauses
3.918875,139.57899184337558,67.85690200375488,470.5882352941177,18.925,17
