duration,f0globalMean,f0globalSD,avgPauseLength,sound2silenceRatio,totalPauses
2.734875,283.31774430094293,130.42436375611518,650.0,42.07692307692308,4
