duration,f0globalMean,f0globalSD,avgPauseLength,sound2silenceRatio,totalPauses
0.77375,94.62919024777877,54.45880148240006,475.0,7.842105263157895,8
