duration,f0globalMean,f0globalSD,avgPauseLength,sound2silenceRatio,totalPauses
0.939375,218.50787264076075,116.04534479297456,866.6666666666666,14.461538461538462,3
