duration,f0globalMean,f0globalSD,avgPauseLength,sound2silenceRatio,totalPauses
4.1653125,185.24375975805714,119.85645882078492,422.22222222222223,21.263157894736842,18
