duration,f0globalMean,f0globalSD,avgPauseLength,sound2silenceRatio,totalPauses
0.6645625,123.24637251851996,56.909302439695026,1066.6666666666665,8.125,3
