duration,f0globalMean,f0globalSD,avgPauseLength,sound2silenceRatio,totalPauses
3.6393125,235.73592862666283,153.6980360763871,444.44444444444446,36.05,9
