duration,f0globalMean,f0globalSD,avgPauseLength,sound2silenceRatio,totalPauses
1.8781875,235.3999971041898,138.4787780962083,1100.0,34.36363636363637,2
