duration,f0globalMean,f0globalSD,avgPauseLength,sound2silenceRatio,totalPauses
0.8540625,169.69675323148851,161.58759067401596,933.3333333333334,12.142857142857142,3
