duration,f0globalMean,f0globalSD,avgPauseLength,sound2silenceRatio,totalPauses
1.110375,114.14083345065984,49.73746749811967,560.0,15.785714285714286,5
