duration,f0globalMean,f0globalSD,avgPauseLength,sound2silenceRatio,totalPauses
1.7116875,235.13425423243578,154.77010380998505,750.0,22.666666666666668,4
