duration,f0globalMean,f0globalSD,avgPauseLength,sound2silenceRatio,totalPauses
0.5514375,182.32146033458227,113.39827694837643,700.0,7.785714285714286,4
