duration,f0globalMean,f0globalSD,avgPauseLength,sound2silenceRatio,totalPauses
1.556125,240.67471106719714,142.56706807414835,866.6666666666666,23.923076923076923,3
