duration,f0globalMean,f0globalSD,avgPauseLength,sound2silenceRatio,totalPauses
0.5136875,121.64512452333189,45.71451201672555,1533.3333333333333,4.043478260869565,3
