duration,f0globalMean,f0globalSD,avgPauseLength,sound2silenceRatio,totalPauses
12.36925,114.86735118440751,82.818623516962,573.3333333333334,56.83720930232558,15
