duration,f0globalMean,f0globalSD,avgPauseLength,sound2silenceRatio,totalPauses
1.7319375,259.04637810773966,154.2199404078785,560.0,24.642857142857142,5
