duration,f0globalMean,f0globalSD,avgPauseLength,sound2silenceRatio,totalPauses
1.043625,219.88088953882402,116.79649648528039,680.0,12.058823529411764,5
