duration,f0globalMean,f0globalSD,avgPauseLength,sound2silenceRatio,totalPauses
0.5430625,144.23763976176915,106.13631464072428,750.0,7.133333333333334,4
