duration,f0globalMean,f0globalSD,avgPauseLength,sound2silenceRatio,totalPauses
0.412125,199.60772306955647,149.2018619843742,1200.0,6.916666666666667,2
