duration,f0globalMean,f0globalSD,avgPauseLength,sound2silenceRatio,totalPauses
2.1788125,183.99733445611665,103.60323000647145,571.4285714285714,21.45,7
