duration,f0globalMean,f0globalSD,avgPauseLength,sound2silenceRatio,totalPauses
0.3520625,176.93353555977728,161.06383184121688,1200.0,5.916666666666667,2
