duration,f0globalMean,f0globalSD,avgPauseLength,sound2silenceRatio,totalPauses
6.066875,190.7945889320241,128.49574055063297,473.6842105263157,26.244444444444444,19
