duration,f0globalMean,f0globalSD,avgPauseLength,sound2silenceRatio,totalPauses
0.8605625,176.42954629871898,114.95803025954937,919.9999999999999,7.043478260869565,5
