duration,f0globalMean,f0globalSD,avgPauseLength,sound2silenceRatio,totalPauses
0.75475,237.01733843142614,143.04046455181668,1300.0,11.615384615384615,2
