duration,f0globalMean,f0globalSD,avgPauseLength,sound2silenceRatio,totalPauses
0.897625,107.04678434024365,63.912602504315146,800.0,15.083333333333334,3
