duration,f0globalMean,f0globalSD,avgPauseLength,sound2silenceRatio,totalPauses
7.6991875,219.99759378240472,133.67004548707567,494.7368421052632,32.04255319148936,19
