duration,f0globalMean,f0globalSD,avgPauseLength,sound2silenceRatio,totalPauses
4.272,156.5931748183559,86.24817824396455,520.0,21.23076923076923,15
