duration,f0globalMean,f0globalSD,avgPauseLength,sound2silenceRatio,totalPauses
1.662625,207.41115280755236,59.415138085084905,1100.0,30.454545454545453,2
