duration,f0globalMean,f0globalSD,avgPauseLength,sound2silenceRatio,totalPauses
1.2073125,225.75689910725023,119.10597461267328,1200.0,20.166666666666668,2
