duration,f0globalMean,f0globalSD,avgPauseLength,sound2silenceRatio,totalPauses
1.7886875,125.95966899897576,69.04146419602321,733.3333333333333,32.72727272727273,3
