duration,f0globalMean,f0globalSD,avgPauseLength,sound2silenceRatio,totalPauses
1.25,262.07548131112003,181.97908077574397,1200.0,13.61111111111111,3
