duration,f0globalMean,f0globalSD,avgPauseLength,sound2silenceRatio,totalPauses
3.7768125,119.83271339415633,67.64230923557164,700.0,53.857142857142854,4
