duration,f0globalMean,f0globalSD,avgPauseLength,sound2silenceRatio,totalPauses
1.7319375,219.1717866797351,123.20505323728449,1200.0,18.944444444444443,3
