duration,f0globalMean,f0globalSD,avgPauseLength,sound2silenceRatio,totalPauses
7.8915625,216.3360135855418,130.94442620371382,392.0,31.46938775510204,25
