duration,f0globalMean,f0globalSD,avgPauseLength,sound2silenceRatio,totalPauses
2.7248125,258.17039563888517,144.97630163687555,1300.0,41.92307692307692,2
