duration,f0globalMean,f0globalSD,avgPauseLength,sound2silenceRatio,totalPauses
0.346625,311.8245061972611,245.91800374275192,1200.0,5.833333333333333,2
