duration,f0globalMean,f0globalSD,avgPauseLength,sound2silenceRatio,totalPauses
1.246,188.62209662090348,134.48084937517024,650.0,19.153846153846153,4
