duration,f0globalMean,f0globalSD,avgPauseLength,sound2silenceRatio,totalPauses
5.702,128.25765212769917,79.11638610760252,426.66666666666663,35.03125,15
