duration,f0globalMean,f0globalSD,avgPauseLength,sound2silenceRatio,totalPauses
2.41425,229.03759217569205,165.74828408060446,850.0,28.176470588235293,4
