duration,f0globalMean,f0globalSD,avgPauseLength,sound2silenceRatio,totalPauses
1.636125,190.16290151604767,99.15144499593565,828.5714285714287,10.724137931034482,7
