duration,f0globalMean,f0globalSD,avgPauseLength,sound2silenceRatio,totalPauses
4.6633125,161.62154162026383,114.27883832601134,453.3333333333333,26.823529411764707,15
