duration,f0globalMean,f0globalSD,avgPauseLength,sound2silenceRatio,totalPauses
0.255625,169.9574201943406,140.17275724182082,1200.0,4.333333333333333,2
