duration,f0globalMean,f0globalSD,avgPauseLength,sound2silenceRatio,totalPauses
1.3601875,122.6273683338971,85.66803089969157,900.0,30.666666666666668,2
