duration,f0globalMean,f0globalSD,avgPauseLength,sound2silenceRatio,totalPauses
1.4825625,243.01074339072076,150.21836130380873,750.0,19.666666666666668,4
