duration,f0globalMean,f0globalSD,avgPauseLength,sound2silenceRatio,totalPauses
0.91675,229.77827628693407,136.7004596409735,600.0,12.066666666666666,5
