duration,f0globalMean,f0globalSD,avgPauseLength,sound2silenceRatio,totalPauses
2.828125,117.08937217448238,37.826511878916754,763.6363636363636,12.785714285714286,11
