duration,f0globalMean,f0globalSD,avgPauseLength,sound2silenceRatio,totalPauses
5.9864375,181.91597917288138,127.4358631394348,577.7777777777777,45.53846153846154,9
