duration,f0globalMean,f0globalSD,avgPauseLength,sound2silenceRatio,totalPauses
1.048625,143.82975427708465,118.69627482466491,1200.0,17.583333333333332,2
