duration,f0globalMean,f0globalSD,avgPauseLength,sound2silenceRatio,totalPauses
3.9305625,82.22001716903581,53.22481916422664,360.0,11.682539682539682,35
