duration,f0globalMean,f0globalSD,avgPauseLength,sound2silenceRatio,totalPauses
0.4983125,286.84048557223815,164.29658527787853,1100.0,9.272727272727273,2
