duration,f0globalMean,f0globalSD,avgPauseLength,sound2silenceRatio,totalPauses
1.06525,185.85158172149164,72.77266240262462,600.0,17.833333333333332,4
