duration,f0globalMean,f0globalSD,avgPauseLength,sound2silenceRatio,totalPauses
1.4965625,187.77870840206722,116.99537702503507,866.6666666666666,23.0,3
