duration,f0globalMean,f0globalSD,avgPauseLength,sound2silenceRatio,totalPauses
4.332125,187.59518799988285,113.57813095042034,430.7692307692307,30.392857142857142,13
