duration,f0globalMean,f0globalSD,avgPauseLength,sound2silenceRatio,totalPauses
2.6705,106.65061120214584,56.167991925514684,600.0,44.583333333333336,4
