duration,f0globalMean,f0globalSD,avgPauseLength,sound2silenceRatio,totalPauses
7.8761875,179.66602530371907,115.9478513931339,360.0,43.111111111111114,20
