duration,f0globalMean,f0globalSD,avgPauseLength,sound2silenceRatio,totalPauses
1.4455625,219.7597038383515,139.69167251179854,866.6666666666666,22.23076923076923,3
