duration,f0globalMean,f0globalSD,avgPauseLength,sound2silenceRatio,totalPauses
1.09225,178.41195592009942,96.49454525587774,1300.0,16.76923076923077,2
