duration,f0globalMean,f0globalSD,avgPauseLength,sound2silenceRatio,totalPauses
0.7568125,183.0501539649251,119.40593840033564,1100.0,13.909090909090908,2
