duration,f0globalMean,f0globalSD,avgPauseLength,sound2silenceRatio,totalPauses
0.371,194.25766772059205,74.15110876378361,1066.6666666666665,4.4375,3
