duration,f0globalMean,f0globalSD,avgPauseLength,sound2silenceRatio,totalPauses
10.886625,182.23375354325182,121.4564007374771,520.0,167.46153846153845,5
