duration,f0globalMean,f0globalSD,avgPauseLength,sound2silenceRatio,totalPauses
0.5299375,194.96287960233911,165.24424562105943,1500.0,6.933333333333334,2
