duration,f0globalMean,f0globalSD,avgPauseLength,sound2silenceRatio,totalPauses
0.547125,293.8850439279028,142.3461404286743,1200.0,9.166666666666666,2
