duration,f0globalMean,f0globalSD,avgPauseLength,sound2silenceRatio,totalPauses
3.601375,226.83825027872334,118.47510207490357,485.71428571428567,42.11764705882353,7
