duration,f0globalMean,f0globalSD,avgPauseLength,sound2silenceRatio,totalPauses
1.3994375,256.37198116457836,144.55752805560996,866.6666666666666,21.53846153846154,3
