duration,f0globalMean,f0globalSD,avgPauseLength,sound2silenceRatio,totalPauses
0.448375,186.30088793632214,146.05642230943826,680.0,5.0588235294117645,5
