duration,f0globalMean,f0globalSD,avgPauseLength,sound2silenceRatio,totalPauses
2.162375,147.2881565748629,69.03053437566894,533.3333333333333,26.8125,6
