duration,f0globalMean,f0globalSD,avgPauseLength,sound2silenceRatio,totalPauses
0.24825,189.10620268118322,162.90158925060229,1100.0,4.7272727272727275,2
