duration,f0globalMean,f0globalSD,avgPauseLength,sound2silenceRatio,totalPauses
0.509625,172.42899528847795,163.10178076987467,733.3333333333333,9.454545454545455,3
