duration,f0globalMean,f0globalSD,avgPauseLength,sound2silenceRatio,totalPauses
1.618125,126.31543861122162,85.37776039620476,525.0,15.047619047619047,8
