duration,f0globalMean,f0globalSD,avgPauseLength,sound2silenceRatio,totalPauses
0.6178125,166.412106677948,140.47092345719955,1300.0,9.538461538461538,2
