duration,f0globalMean,f0globalSD,avgPauseLength,sound2silenceRatio,totalPauses
1.367375,96.86310746605584,77.54632504552063,1200.0,22.833333333333332,2
