duration,f0globalMean,f0globalSD,avgPauseLength,sound2silenceRatio,totalPauses
2.2014375,226.7009432679858,131.0415278909718,720.0,24.166666666666668,5
