duration,f0globalMean,f0globalSD,avgPauseLength,sound2silenceRatio,totalPauses
1.498,126.14260188946082,82.50924624312051,1300.0,23.076923076923077,2
