duration,f0globalMean,f0globalSD,avgPauseLength,sound2silenceRatio,totalPauses
2.447875,212.78855295421994,106.8226015446675,1450.0,16.344827586206897,4
