duration,f0globalMean,f0globalSD,avgPauseLength,sound2silenceRatio,totalPauses
1.0151875,133.50432538734864,60.980695963822605,1133.3333333333333,11.705882352941176,3
