duration,f0globalMean,f0globalSD,avgPauseLength,sound2silenceRatio,totalPauses
2.2156875,252.0185676523981,141.9455087149125,700.0,31.571428571428573,4
