duration,f0globalMean,f0globalSD,avgPauseLength,sound2silenceRatio,totalPauses
11.226625,181.06935791718078,115.00667075730432,411.76470588235287,31.257142857142856,34
