duration,f0globalMean,f0globalSD,avgPauseLength,sound2silenceRatio,totalPauses
0.3195625,194.69385454202515,166.83639957238373,1300.0,4.923076923076923,2
