duration,f0globalMean,f0globalSD,avgPauseLength,sound2silenceRatio,totalPauses
1.023625,106.04857138443559,71.234257765491,960.0,8.083333333333334,5
