duration,f0globalMean,f0globalSD,avgPauseLength,sound2silenceRatio,totalPauses
1.93225,131.08606124862945,68.26339839374441,1100.0,35.27272727272727,2
