duration,f0globalMean,f0globalSD,avgPauseLength,sound2silenceRatio,totalPauses
1.492,194.93207874353195,135.82775294257428,700.0,21.214285714285715,4
