duration,f0globalMean,f0globalSD,avgPauseLength,sound2silenceRatio,totalPauses
2.5425625,199.6366709323315,126.29295896933478,919.9999999999999,21.695652173913043,5
