duration,f0globalMean,f0globalSD,avgPauseLength,sound2silenceRatio,totalPauses
1.5146875,133.4091655677505,85.98492849554792,1200.0,25.333333333333332,2
