duration,f0globalMean,f0globalSD,avgPauseLength,sound2silenceRatio,totalPauses
3.4560625,214.37406155171317,122.89368438117728,720.0,38.111111111111114,5
