duration,f0globalMean,f0globalSD,avgPauseLength,sound2silenceRatio,totalPauses
1.0243125,235.47586061379172,144.35502580696897,1200.0,17.166666666666668,2
