duration,f0globalMean,f0globalSD,avgPauseLength,sound2silenceRatio,totalPauses
0.7875,211.09566260052483,149.31483986191324,1200.0,13.166666666666666,2
