duration,f0globalMean,f0globalSD,avgPauseLength,sound2silenceRatio,totalPauses
0.5436875,258.26676744086353,218.7283595056623,1300.0,8.384615384615385,2
