duration,f0globalMean,f0globalSD,avgPauseLength,sound2silenceRatio,totalPauses
1.388875,140.66773310366133,83.41179039986635,485.71428571428567,16.11764705882353,7
