duration,f0globalMean,f0globalSD,avgPauseLength,sound2silenceRatio,totalPauses
0.4403125,72.0211558376216,29.02336093993505,1200.0,7.416666666666667,2
