duration,f0globalMean,f0globalSD,avgPauseLength,sound2silenceRatio,totalPauses
0.806375,206.68114665096678,165.48660171765422,1066.6666666666665,9.875,3
