duration,f0globalMean,f0globalSD,avgPauseLength,sound2silenceRatio,totalPauses
1.3415625,192.86881964616032,92.9022940876072,1100.0,24.545454545454547,2
