duration,f0globalMean,f0globalSD,avgPauseLength,sound2silenceRatio,totalPauses
3.411125,105.20749191463106,76.67395576720425,371.42857142857144,12.365384615384615,28
