duration,f0globalMean,f0globalSD,avgPauseLength,sound2silenceRatio,totalPauses
0.4683125,197.85038369085186,138.85459415737608,1300.0,7.230769230769231,2
