duration,f0globalMean,f0globalSD,avgPauseLength,sound2silenceRatio,totalPauses
3.0185,205.62719090286842,114.85613507992947,850.0,35.294117647058826,4
