duration,f0globalMean,f0globalSD,avgPauseLength,sound2silenceRatio,totalPauses
1.103125,272.93965481383947,142.17637171104266,1100.0,20.272727272727273,2
