duration,f0globalMean,f0globalSD,avgPauseLength,sound2silenceRatio,totalPauses
0.6925625,150.6090104946851,135.64712424701497,600.0,11.666666666666666,4
