duration,f0globalMean,f0globalSD,avgPauseLength,sound2silenceRatio,totalPauses
3.4045625,213.5216323314585,112.9580228648446,542.8571428571429,35.526315789473685,7
