duration,f0globalMean,f0globalSD,avgPauseLength,sound2silenceRatio,totalPauses
1.5125,141.50897805665386,106.66040801763197,666.6666666666666,30.5,3
