duration,f0globalMean,f0globalSD,avgPauseLength,sound2silenceRatio,totalPauses
2.361625,188.40869599114075,106.70017117913105,600.0,52.888888888888886,3
