duration,f0globalMean,f0globalSD,avgPauseLength,sound2silenceRatio,totalPauses
1.1135,130.34335822914844,62.21288424699206,950.0,11.421052631578947,4
