duration,f0globalMean,f0globalSD,avgPauseLength,sound2silenceRatio,totalPauses
1.3145,200.94375247560703,114.49915073712718,1300.0,20.23076923076923,2
