duration,f0globalMean,f0globalSD,avgPauseLength,sound2silenceRatio,totalPauses
0.6426875,161.50770574316098,132.2326384360451,1300.0,9.923076923076923,2
