duration,f0globalMean,f0globalSD,avgPauseLength,sound2silenceRatio,totalPauses
2.8861875,201.06938183279013,106.55429967066918,560.0,41.142857142857146,5
