duration,f0globalMean,f0globalSD,avgPauseLength,sound2silenceRatio,totalPauses
0.40225,172.70351045687565,149.64377375096046,650.0,6.153846153846154,4
