duration,f0globalMean,f0globalSD,avgPauseLength,sound2silenceRatio,totalPauses
1.3706875,250.27183966517438,140.02138342241105,900.0,30.88888888888889,2
