duration,f0globalMean,f0globalSD,avgPauseLength,sound2silenceRatio,totalPauses
1.33525,224.62128579250867,117.74687552768474,1300.0,20.53846153846154,2
