duration,f0globalMean,f0globalSD,avgPauseLength,sound2silenceRatio,totalPauses
7.4739375,187.4180122660144,121.16221554015509,355.55555555555554,93.25,9
