duration,f0globalMean,f0globalSD,avgPauseLength,sound2silenceRatio,totalPauses
0.527375,154.83445336184147,112.90523978195368,666.6666666666666,10.8,3
