duration,f0globalMean,f0globalSD,avgPauseLength,sound2silenceRatio,totalPauses
1.6178125,120.80715941993199,74.04744482484836,566.6666666666666,18.823529411764707,6
