duration,f0globalMean,f0globalSD,avgPauseLength,sound2silenceRatio,totalPauses
0.525875,268.44367107793306,168.51480756440168,866.6666666666666,8.076923076923077,3
