duration,f0globalMean,f0globalSD,avgPauseLength,sound2silenceRatio,totalPauses
5.9829375,184.68009889430977,124.23395190585818,627.5862068965516,12.296703296703297,29
