duration,f0globalMean,f0globalSD,avgPauseLength,sound2silenceRatio,totalPauses
1.7886875,144.82752221532198,82.63485052844617,933.3333333333334,25.5,3
