duration,f0globalMean,f0globalSD,avgPauseLength,sound2silenceRatio,totalPauses
0.8005625,182.89656599515055,83.23124501724472,1300.0,12.307692307692308,2
