duration,f0globalMean,f0globalSD,avgPauseLength,sound2silenceRatio,totalPauses
1.1641875,253.59161380213828,115.68402598777686,700.0,16.571428571428573,4
