duration,f0globalMean,f0globalSD,avgPauseLength,sound2silenceRatio,totalPauses
1.29175,192.43817858795325,108.56014887227316,600.0,29.11111111111111,3
