duration,f0globalMean,f0globalSD,avgPauseLength,sound2silenceRatio,totalPauses
4.954375,253.86555539420638,128.7212851218598,840.0,46.80952380952381,5
