duration,f0globalMean,f0globalSD,avgPauseLength,sound2silenceRatio,totalPauses
1.5623125,152.38966161750673,82.41058941719297,800.0,26.083333333333332,3
