duration,f0globalMean,f0globalSD,avgPauseLength,sound2silenceRatio,totalPauses
1.8385,208.37452309655012,114.98334581342236,1300.0,28.307692307692307,2
