duration,f0globalMean,f0globalSD,avgPauseLength,sound2silenceRatio,totalPauses
0.4465625,185.89012314090778,93.30071838190712,900.0,10.333333333333334,2
