duration,f0globalMean,f0globalSD,avgPauseLength,sound2silenceRatio,totalPauses
5.650125,202.80814405011768,133.32138001238974,342.85714285714283,30.75,21
