duration,f0globalMean,f0globalSD,avgPauseLength,sound2silenceRatio,totalPauses
1.9543125,176.89015201980075,112.24177814609705,750.0,25.933333333333334,4
