duration,f0globalMean,f0globalSD,avgPauseLength,sound2silenceRatio,totalPauses
3.6558125,191.98535642428422,103.59541126479375,600.0,40.333333333333336,6
