duration,f0globalMean,f0globalSD,avgPauseLength,sound2silenceRatio,totalPauses
1.265125,146.9898076452977,93.98059918055081,525.0,11.666666666666666,8
