duration,f0globalMean,f0globalSD,avgPauseLength,sound2silenceRatio,totalPauses
1.6890625,171.8209709110997,78.95342096248183,566.6666666666666,19.647058823529413,6
