duration,f0globalMean,f0globalSD,avgPauseLength,sound2silenceRatio,totalPauses
2.0203125,116.22953151937931,51.60463300376933,433.3333333333333,31.076923076923077,6
