duration,f0globalMean,f0globalSD,avgPauseLength,sound2silenceRatio,totalPauses
1.664125,246.20151819997446,63.60815148769103,533.3333333333333,42.25,3
