duration,f0globalMean,f0globalSD,avgPauseLength,sound2silenceRatio,totalPauses
0.3408125,213.83921286308288,127.79850994549314,1300.0,5.230769230769231,2
