duration,f0globalMean,f0globalSD,avgPauseLength,sound2silenceRatio,totalPauses
1.474625,189.25476115901301,97.25283558344152,1266.6666666666665,15.210526315789474,3
