duration,f0globalMean,f0globalSD,avgPauseLength,sound2silenceRatio,totalPauses
6.9049375,176.59471356508612,116.7495799813817,503.030303030303,15.795180722891565,33
