duration,f0globalMean,f0globalSD,avgPauseLength,sound2silenceRatio,totalPauses
4.433875,103.22625683797982,66.93792813773054,850.0,51.94117647058823,4
