duration,f0globalMean,f0globalSD,avgPauseLength,sound2silenceRatio,totalPauses
4.93325,176.08010359257875,120.11314173902703,750.0,65.66666666666667,4
