duration,f0globalMean,f0globalSD,avgPauseLength,sound2silenceRatio,totalPauses
2.2543125,253.40370850895175,164.10784307935228,571.4285714285714,22.2,7
