duration,f0globalMean,f0globalSD,avgPauseLength,sound2silenceRatio,totalPauses
3.483125,122.85404329928319,70.77001765640043,360.0,25.296296296296298,15
