duration,f0globalMean,f0globalSD,avgPauseLength,sound2silenceRatio,totalPauses
0.9814375,206.9882841309132,126.71509057663611,1400.0,8.952380952380953,3
