duration,f0globalMean,f0globalSD,avgPauseLength,sound2silenceRatio,totalPauses
0.6491875,148.54794966006753,108.64630886392065,1066.6666666666665,7.9375,3
