duration,f0globalMean,f0globalSD,avgPauseLength,sound2silenceRatio,totalPauses
1.0045,182.12172662028564,84.7479935227991,1200.0,16.833333333333332,2
