duration,f0globalMean,f0globalSD,avgPauseLength,sound2silenceRatio,totalPauses
4.353875,242.132698706799,161.04348469543015,386.6666666666667,29.482758620689655,15
