duration,f0globalMean,f0globalSD,avgPauseLength,sound2silenceRatio,totalPauses
4.5445625,226.2397374858522,120.39852292909926,583.3333333333333,25.34285714285714,12
