duration,f0globalMean,f0globalSD,avgPauseLength,sound2silenceRatio,totalPauses
7.314375,189.30458935138557,135.51633178655402,354.83870967741933,25.836363636363636,31
