duration,f0globalMean,f0globalSD,avgPauseLength,sound2silenceRatio,totalPauses
2.029625,264.5004074557792,197.0695100788425,511.1111111111111,17.217391304347824,9
