duration,f0globalMean,f0globalSD,avgPauseLength,sound2silenceRatio,totalPauses
1.1293125,201.02160748913576,159.35882680965952,733.3333333333333,20.727272727272727,3
