duration,f0globalMean,f0globalSD,avgPauseLength,sound2silenceRatio,totalPauses
1.96375,247.18453278558454,133.69327443822579,600.0,44.111111111111114,3
