duration,f0globalMean,f0globalSD,avgPauseLength,sound2silenceRatio,totalPauses
4.214375,131.82373685799908,92.19618625025389,346.15384615384613,18.022222222222222,26
