duration,f0globalMean,f0globalSD,avgPauseLength,sound2silenceRatio,totalPauses
3.756375,213.84638321237736,100.73453494060986,657.1428571428571,32.21739130434783,7
