duration,f0globalMean,f0globalSD,avgPauseLength,sound2silenceRatio,totalPauses
2.253,205.1959817845163,126.96608048564293,933.3333333333334,32.142857142857146,3
