duration,f0globalMean,f0globalSD,avgPauseLength,sound2silenceRatio,totalPauses
1.5389375,202.02634711654864,106.46007054990744,933.3333333333334,21.928571428571427,3
