duration,f0globalMean,f0globalSD,avgPauseLength,sound2silenceRatio,totalPauses
0.3595625,216.34714914901335,143.85699172666773,933.3333333333334,5.071428571428571,3
