duration,f0globalMean,f0globalSD,avgPauseLength,sound2silenceRatio,totalPauses
1.49975,227.63872051379593,136.56009350538358,1066.6666666666665,18.5625,3
