duration,f0globalMean,f0globalSD,avgPauseLength,sound2silenceRatio,totalPauses
2.436375,116.73234166867259,68.84439310205678,866.6666666666666,37.46153846153846,3
