duration,f0globalMean,f0globalSD,avgPauseLength,sound2silenceRatio,totalPauses
0.967875,91.0546642150047,56.84176276110913,1333.3333333333333,9.35,3
