duration,f0globalMean,f0globalSD,avgPauseLength,sound2silenceRatio,totalPauses
0.448875,206.18865034409347,172.00033083842945,1300.0,6.923076923076923,2
