duration,f0globalMean,f0globalSD,avgPauseLength,sound2silenceRatio,totalPauses
0.49975,142.33196789399724,90.30852970724659,600.0,5.277777777777778,6
