duration,f0globalMean,f0globalSD,avgPauseLength,sound2silenceRatio,totalPauses
0.2094375,308.8846783271204,250.1149436012535,1300.0,3.230769230769231,2
