duration,f0globalMean,f0globalSD,avgPauseLength,sound2silenceRatio,totalPauses
10.8900625,175.8054848897282,126.44946694513952,346.6666666666667,83.26923076923077,15
