duration,f0globalMean,f0globalSD,avgPauseLength,sound2silenceRatio,totalPauses
0.4053125,296.7329470144638,178.53871687425539,900.0,9.444444444444445,2
