duration,f0globalMean,f0globalSD,avgPauseLength,sound2silenceRatio,totalPauses
3.42925,152.43960383774123,101.21069078742958,666.6666666666666,33.95,6
