duration,f0globalMean,f0globalSD,avgPauseLength,sound2silenceRatio,totalPauses
1.8099375,218.0589535614813,94.52948870595849,850.0,21.058823529411764,4
