duration,f0globalMean,f0globalSD,avgPauseLength,sound2silenceRatio,totalPauses
3.2709375,235.13857871505638,142.64770247971165,650.0,50.30769230769231,4
