duration,f0globalMean,f0globalSD,avgPauseLength,sound2silenceRatio,totalPauses
17.1825,197.59586386550336,134.8238178591654,348.14814814814815,23.46099290780142,81
