duration,f0globalMean,f0globalSD,avgPauseLength,sound2silenceRatio,totalPauses
0.5904375,192.20369144285885,171.62041661925974,1200.0,9.916666666666666,2
