duration,f0globalMean,f0globalSD,avgPauseLength,sound2silenceRatio,totalPauses
0.7673125,198.15836328629638,76.96218876741051,1100.0,14.090909090909092,2
