duration,f0globalMean,f0globalSD,avgPauseLength,sound2silenceRatio,totalPauses
0.484625,260.29168116753584,151.53861146884338,1300.0,7.461538461538462,2
