duration,f0globalMean,f0globalSD,avgPauseLength,sound2silenceRatio,totalPauses
0.40825,219.22467231662296,121.06295099471942,850.0,4.588235294117647,4
