duration,f0globalMean,f0globalSD,avgPauseLength,sound2silenceRatio,totalPauses
0.4024375,174.6880988753589,135.98624211804312,1100.0,7.454545454545454,2
