duration,f0globalMean,f0globalSD,avgPauseLength,sound2silenceRatio,totalPauses
2.0159375,247.28707859407578,114.8785304886976,1200.0,33.666666666666664,2
