duration,f0globalMean,f0globalSD,avgPauseLength,sound2silenceRatio,totalPauses
5.3714375,166.76298898256096,111.93437941710467,420.0,24.88095238095238,20
