duration,f0globalMean,f0globalSD,avgPauseLength,sound2silenceRatio,totalPauses
4.2606875,246.52837938057252,144.95913926951522,444.44444444444446,42.25,9
