duration,f0globalMean,f0globalSD,avgPauseLength,sound2silenceRatio,totalPauses
0.574,190.6857869843027,116.2996987531619,750.0,7.533333333333333,4
