duration,f0globalMean,f0globalSD,avgPauseLength,sound2silenceRatio,totalPauses
0.8661875,176.8892026451995,89.88486405171278,933.3333333333334,12.285714285714286,3
