duration,f0globalMean,f0globalSD,avgPauseLength,sound2silenceRatio,totalPauses
4.8501875,182.667419607341,115.1738107202248,435.2941176470588,25.56756756756757,17
