duration,f0globalMean,f0globalSD,avgPauseLength,sound2silenceRatio,totalPauses
0.659625,198.6069931831056,144.384609807076,600.0,15.11111111111111,3
