duration,f0globalMean,f0globalSD,avgPauseLength,sound2silenceRatio,totalPauses
4.936375,170.43476549853807,103.0755590612466,630.0,14.873015873015873,20
