duration,f0globalMean,f0globalSD,avgPauseLength,sound2silenceRatio,totalPauses
3.261875,211.81998543629976,117.84265077643929,622.2222222222222,22.75,9
