duration,f0globalMean,f0globalSD,avgPauseLength,sound2silenceRatio,totalPauses
0.8535625,261.1756863347516,189.89878119575667,1100.0,15.727272727272727,2
