duration,f0globalMean,f0globalSD,avgPauseLength,sound2silenceRatio,totalPauses
0.407,258.2412714627558,113.07015275145744,650.0,6.230769230769231,4
