duration,f0globalMean,f0globalSD,avgPauseLength,sound2silenceRatio,totalPauses
1.5566875,130.3568959059188,93.76915065639781,700.0,22.142857142857142,4
