duration,f0globalMean,f0globalSD,avgPauseLength,sound2silenceRatio,totalPauses
1.0910625,192.1914312331752,112.70131488159869,850.0,12.588235294117647,4
