duration,f0globalMean,f0globalSD,avgPauseLength,sound2silenceRatio,totalPauses
0.8843125,270.24772373224215,200.70514491508854,1200.0,14.833333333333334,2
