duration,f0globalMean,f0globalSD,avgPauseLength,sound2silenceRatio,totalPauses
0.9763125,192.14072857242223,69.28538201987756,733.3333333333333,17.90909090909091,3
