duration,f0globalMean,f0globalSD,avgPauseLength,sound2silenceRatio,totalPauses
0.3286875,198.621001449685,137.03768475197836,1300.0,5.076923076923077,2
