duration,f0globalMean,f0globalSD,avgPauseLength,sound2silenceRatio,totalPauses
1.0205,188.28248150721805,113.9227199208077,750.0,13.466666666666667,4
