duration,f0globalMean,f0globalSD,avgPauseLength,sound2silenceRatio,totalPauses
2.67575,113.75216570707072,64.1491200460303,500.0,35.53333333333333,6
