duration,f0globalMean,f0globalSD,avgPauseLength,sound2silenceRatio,totalPauses
1.7319375,125.6610934224138,72.07964694314774,628.5714285714286,15.318181818181818,7
