duration,f0globalMean,f0globalSD,avgPauseLength,sound2silenceRatio,totalPauses
2.08425,121.36381728301886,89.64073907049098,1300.0,32.07692307692308,2
