duration,f0globalMean,f0globalSD,avgPauseLength,sound2silenceRatio,totalPauses
1.5566875,82.84748243999996,62.06647107059479,700.0,22.142857142857142,4
