duration,f0globalMean,f0globalSD,avgPauseLength,sound2silenceRatio,totalPauses
1.598875,119.62315300000003,73.37971010768614,485.71428571428567,18.58823529411765,7
