duration,f0globalMean,f0globalSD,avgPauseLength,sound2silenceRatio,totalPauses
1.813625,160.0353262649007,81.45324603302369,566.6666666666666,21.11764705882353,6
