,PC1,PC2,PC3
Proportion of Variance,0.13153717596880204,0.11833991276309491,0.08054336957949843
Cumulative Proportion,13.200000000000001,25.0,33.1
