,PC1,PC1,PC2,PC2,PC3,PC3,PC4,PC4,PC5,PC5,PC6,PC6
,Features,Correlation,Features,Correlation,Features,Correlation,Features,Correlation,Features,Correlation,Features,Correlation
0,Avg. Word Dur.,0.2657768394248717,hnrglobalRange,0.2549626188942769,Avg. Voca. Dur.,0.3195809442421849,fricatives_CoG,-0.21604800874065264,rmsSD,-0.2593660507526194,hnrglobalRange,0.24651039340485478
1,stressedVowels_F0,0.32585183999239786,sonorants_F1,-0.26633875706167015,SyllPerSecond,-0.3420633007682152,sonorants_F1,0.21752026884875117,Intensity,0.2909961178163184,Intensity,-0.3117939939748443
2,sonorants_F0,0.3087074851848836,hnrglobalMean,0.3471848722600432,stops_duration,0.36013664307765764,unstressedVowels_F1,0.22169532063466058,totalPauses,-0.36399765662468236,f0globalSD,-0.3291297034408939
3,f0globalMean,0.37415714785406895,hnrglobalSD,0.34739631079351324,Avg. Word Dur.,0.43844684514341287,fricatives_Ske,0.39277983766392105,rmsRange,-0.4069271442811768,sound2silenceRatio,0.4520660345899994
4,f0globalSD,0.3269440859650248,sonorants_F2,-0.2899621143120025,Avg. Cons. Dur.,0.3694942152581263,fricatives_Kur,0.6260283008619961,duration,-0.3772641725018241,rmsSD,-0.49614398469962406
