,PC1,PC2,PC3
Proportion of Variance,0.13153717596632503,0.11833991276419942,0.08054336972435365
Cumulative Proportion,13.200000000000001,25.0,33.1
