,PC1,PC2,PC3
Proportion of Variance,0.13153717596840608,0.11833991276406806,0.08054337010683182
Cumulative Proportion,13.200000000000001,25.0,33.1
