,PC1,PC2,PC3,PC4,PC5,PC6
Proportion of Variance,0.13153717440000082,0.11833989679077696,0.08054324443223364,0.07085875108846731,0.06995961626266166,0.046754437049812504
Cumulative Proportion,13.200000000000001,25.0,33.1,40.2,47.2,51.900000000000006
