,PC1,PC2,PC3
Proportion of Variance,0.9999999317770006,7.1581838365051565e-09,6.631452123415806e-09
Cumulative Proportion,100.0,100.0,100.0
